index,y_true,y_pred
0,6.0,6.0
1,6.0,4.0
2,6.0,1.0
3,6.0,4.0
4,6.0,4.0
5,6.0,6.0
6,6.0,5.0
7,6.0,4.0
8,6.0,4.0
9,6.0,6.0
10,6.0,6.0
11,6.0,6.0
12,6.0,4.0
13,6.0,6.0
14,6.0,4.0
15,6.0,6.0
16,6.0,4.0
17,6.0,4.0
18,6.0,4.0
19,6.0,6.0
20,6.0,6.0
21,6.0,1.0
22,6.0,4.0
23,6.0,6.0
24,6.0,1.0
25,6.0,6.0
26,6.0,1.0
27,6.0,4.0
28,6.0,6.0
29,6.0,6.0
30,6.0,4.0
31,6.0,4.0
32,6.0,4.0
33,6.0,6.0
34,6.0,6.0
35,6.0,4.0
36,6.0,6.0
37,6.0,4.0
38,6.0,1.0
39,6.0,6.0
40,6.0,6.0
41,6.0,6.0
42,6.0,4.0
43,6.0,4.0
44,6.0,6.0
45,6.0,5.0
46,6.0,6.0
47,6.0,5.0
48,6.0,5.0
49,6.0,6.0
50,6.0,6.0
51,6.0,4.0
52,6.0,7.0
53,6.0,4.0
54,6.0,4.0
55,6.0,4.0
56,6.0,6.0
57,6.0,6.0
58,6.0,5.0
59,6.0,4.0
60,6.0,4.0
61,6.0,4.0
62,6.0,6.0
63,6.0,6.0
64,6.0,6.0
65,6.0,3.0
66,6.0,4.0
67,6.0,6.0
68,6.0,6.0
69,6.0,1.0
70,6.0,4.0
71,6.0,5.0
72,6.0,6.0
73,6.0,5.0
74,6.0,6.0
75,6.0,4.0
76,6.0,4.0
77,6.0,3.0
78,6.0,6.0
79,6.0,6.0
80,6.0,4.0
81,6.0,6.0
82,6.0,4.0
83,6.0,6.0
84,6.0,4.0
85,6.0,4.0
86,6.0,6.0
87,6.0,4.0
88,6.0,4.0
89,6.0,6.0
90,6.0,4.0
91,6.0,4.0
92,6.0,4.0
93,6.0,4.0
94,6.0,4.0
95,6.0,6.0
96,6.0,4.0
97,6.0,4.0
98,6.0,1.0
99,6.0,6.0
100,6.0,6.0
101,6.0,6.0
102,6.0,4.0
103,6.0,6.0
104,6.0,4.0
105,6.0,4.0
106,6.0,4.0
107,6.0,6.0
108,6.0,6.0
109,6.0,6.0
110,6.0,4.0
111,6.0,1.0
112,6.0,4.0
113,6.0,6.0
114,6.0,6.0
115,6.0,1.0
116,6.0,6.0
117,6.0,4.0
118,6.0,4.0
119,6.0,6.0
120,6.0,4.0
121,6.0,6.0
122,5.0,4.0
123,5.0,5.0
124,5.0,5.0
125,5.0,5.0
126,5.0,5.0
127,5.0,5.0
128,5.0,5.0
129,5.0,5.0
130,5.0,5.0
131,5.0,5.0
132,5.0,5.0
133,5.0,5.0
134,5.0,5.0
135,4.0,3.0
136,4.0,5.0
137,4.0,4.0
138,4.0,3.0
139,4.0,3.0
140,4.0,7.0
141,4.0,3.0
142,4.0,3.0
143,4.0,4.0
144,4.0,4.0
145,4.0,6.0
146,4.0,5.0
147,4.0,4.0
148,4.0,3.0
149,4.0,7.0
150,4.0,5.0
151,4.0,7.0
152,4.0,4.0
153,4.0,3.0
154,4.0,6.0
155,4.0,7.0
156,4.0,4.0
157,4.0,7.0
158,4.0,3.0
159,4.0,6.0
160,4.0,5.0
161,4.0,4.0
162,4.0,4.0
163,4.0,3.0
164,4.0,4.0
165,4.0,7.0
166,4.0,3.0
167,4.0,3.0
168,4.0,4.0
169,4.0,7.0
170,4.0,4.0
171,4.0,4.0
172,4.0,4.0
173,4.0,4.0
174,4.0,7.0
175,4.0,5.0
176,4.0,4.0
177,4.0,3.0
178,4.0,3.0
179,4.0,3.0
180,4.0,1.0
181,4.0,4.0
182,4.0,4.0
183,4.0,4.0
184,4.0,3.0
185,4.0,4.0
186,4.0,4.0
187,4.0,4.0
188,4.0,4.0
189,4.0,3.0
190,4.0,3.0
191,4.0,3.0
192,4.0,3.0
193,4.0,4.0
194,4.0,5.0
195,4.0,4.0
196,4.0,4.0
197,4.0,4.0
198,4.0,3.0
199,4.0,3.0
200,4.0,4.0
201,4.0,4.0
202,4.0,4.0
203,4.0,4.0
204,4.0,4.0
205,4.0,4.0
206,4.0,4.0
207,4.0,4.0
208,4.0,4.0
209,4.0,6.0
210,4.0,3.0
211,4.0,4.0
212,4.0,3.0
213,4.0,4.0
214,4.0,5.0
215,4.0,3.0
216,4.0,3.0
217,4.0,1.0
218,4.0,4.0
219,4.0,4.0
220,4.0,4.0
221,4.0,6.0
222,4.0,1.0
223,4.0,6.0
224,4.0,7.0
225,4.0,4.0
226,4.0,4.0
227,4.0,4.0
228,4.0,4.0
229,4.0,4.0
230,4.0,3.0
231,4.0,4.0
232,4.0,4.0
233,4.0,3.0
234,4.0,4.0
235,4.0,6.0
236,4.0,4.0
237,4.0,3.0
238,4.0,4.0
239,4.0,4.0
240,4.0,4.0
241,4.0,7.0
242,4.0,3.0
243,4.0,6.0
244,4.0,4.0
245,4.0,5.0
246,4.0,4.0
247,4.0,4.0
248,4.0,3.0
249,4.0,4.0
250,4.0,1.0
251,4.0,4.0
252,4.0,6.0
253,4.0,4.0
254,4.0,1.0
255,4.0,4.0
256,4.0,5.0
257,4.0,3.0
258,4.0,4.0
259,4.0,4.0
260,4.0,5.0
261,4.0,3.0
262,4.0,4.0
263,4.0,4.0
264,4.0,7.0
265,4.0,4.0
266,4.0,3.0
267,4.0,4.0
268,4.0,4.0
269,4.0,4.0
270,4.0,6.0
271,4.0,1.0
272,4.0,4.0
273,4.0,3.0
274,4.0,3.0
275,4.0,4.0
276,4.0,7.0
277,4.0,4.0
278,4.0,4.0
279,4.0,4.0
280,4.0,5.0
281,4.0,4.0
282,4.0,4.0
283,4.0,3.0
284,4.0,5.0
285,4.0,4.0
286,4.0,3.0
287,4.0,4.0
288,4.0,3.0
289,4.0,4.0
290,4.0,4.0
291,4.0,7.0
292,4.0,4.0
293,4.0,4.0
294,4.0,3.0
295,4.0,4.0
296,4.0,4.0
297,4.0,3.0
298,4.0,4.0
299,4.0,4.0
300,4.0,5.0
301,4.0,4.0
302,4.0,4.0
303,4.0,3.0
304,4.0,5.0
305,4.0,3.0
306,4.0,6.0
307,4.0,4.0
308,4.0,7.0
309,4.0,4.0
310,4.0,6.0
311,4.0,3.0
312,4.0,3.0
313,4.0,3.0
314,4.0,5.0
315,4.0,4.0
316,4.0,4.0
317,4.0,4.0
318,4.0,4.0
319,4.0,5.0
320,4.0,4.0
321,4.0,4.0
322,4.0,3.0
323,4.0,3.0
324,4.0,3.0
325,4.0,6.0
326,4.0,5.0
327,4.0,4.0
328,4.0,3.0
329,4.0,3.0
330,4.0,7.0
331,4.0,4.0
332,4.0,3.0
333,4.0,3.0
334,4.0,4.0
335,4.0,6.0
336,4.0,4.0
337,4.0,4.0
338,1.0,4.0
339,1.0,1.0
340,1.0,4.0
341,1.0,4.0
342,1.0,3.0
343,1.0,4.0
344,1.0,1.0
345,1.0,5.0
346,1.0,4.0
347,1.0,5.0
348,1.0,1.0
349,1.0,5.0
350,1.0,1.0
351,1.0,4.0
352,1.0,7.0
353,1.0,1.0
354,1.0,6.0
355,1.0,1.0
356,1.0,1.0
357,1.0,1.0
358,1.0,1.0
359,1.0,1.0
360,1.0,1.0
361,1.0,3.0
362,1.0,3.0
363,1.0,4.0
364,1.0,6.0
365,1.0,1.0
366,1.0,1.0
367,1.0,6.0
368,1.0,1.0
369,1.0,3.0
370,1.0,3.0
371,1.0,7.0
372,1.0,1.0
373,1.0,6.0
374,1.0,6.0
375,1.0,1.0
376,1.0,4.0
377,1.0,6.0
378,1.0,6.0
379,1.0,1.0
380,1.0,1.0
381,1.0,6.0
382,1.0,3.0
383,1.0,4.0
384,1.0,6.0
385,1.0,1.0
386,1.0,1.0
387,1.0,6.0
388,1.0,4.0
389,1.0,6.0
390,1.0,6.0
391,1.0,3.0
392,1.0,1.0
393,1.0,1.0
394,1.0,1.0
395,1.0,7.0
396,1.0,1.0
397,1.0,3.0
398,1.0,1.0
399,1.0,5.0
400,1.0,4.0
401,1.0,1.0
402,1.0,1.0
403,1.0,7.0
404,1.0,5.0
405,1.0,6.0
406,1.0,6.0
407,1.0,1.0
408,1.0,3.0
409,1.0,3.0
410,1.0,1.0
411,1.0,1.0
412,1.0,7.0
413,1.0,6.0
414,1.0,7.0
415,1.0,6.0
416,1.0,3.0
417,1.0,5.0
418,1.0,4.0
419,1.0,1.0
420,1.0,4.0
421,1.0,1.0
422,1.0,4.0
423,1.0,3.0
424,1.0,1.0
425,1.0,1.0
426,1.0,1.0
427,1.0,4.0
428,1.0,5.0
429,1.0,1.0
430,1.0,4.0
431,1.0,1.0
432,1.0,1.0
433,1.0,1.0
434,1.0,7.0
435,1.0,4.0
436,1.0,1.0
437,1.0,4.0
438,1.0,5.0
439,1.0,1.0
440,1.0,6.0
441,1.0,3.0
442,1.0,4.0
443,1.0,4.0
444,1.0,3.0
445,1.0,4.0
446,1.0,4.0
447,1.0,4.0
448,1.0,3.0
449,1.0,4.0
450,1.0,4.0
451,1.0,3.0
452,1.0,4.0
453,1.0,4.0
454,1.0,4.0
455,1.0,5.0
456,1.0,4.0
457,1.0,1.0
458,1.0,3.0
459,1.0,4.0
460,1.0,5.0
461,1.0,5.0
462,1.0,4.0
463,1.0,4.0
464,1.0,4.0
465,1.0,3.0
466,1.0,3.0
467,1.0,4.0
468,1.0,3.0
469,1.0,3.0
470,1.0,4.0
471,1.0,5.0
472,1.0,3.0
473,1.0,4.0
474,1.0,4.0
475,1.0,4.0
476,1.0,4.0
477,1.0,1.0
478,1.0,1.0
479,1.0,4.0
480,1.0,3.0
481,1.0,4.0
482,1.0,4.0
483,1.0,4.0
484,1.0,4.0
485,1.0,3.0
486,1.0,4.0
487,1.0,4.0
488,1.0,1.0
489,1.0,1.0
490,1.0,5.0
491,1.0,4.0
492,1.0,4.0
493,1.0,4.0
494,1.0,3.0
495,1.0,5.0
496,1.0,5.0
497,1.0,4.0
498,1.0,4.0
499,1.0,3.0
500,1.0,4.0
501,1.0,4.0
502,1.0,3.0
503,1.0,4.0
504,1.0,4.0
505,1.0,4.0
506,1.0,7.0
507,1.0,7.0
508,1.0,4.0
509,1.0,6.0
510,1.0,3.0
511,1.0,1.0
512,1.0,7.0
513,1.0,4.0
514,5.0,2.0
515,5.0,5.0
516,5.0,2.0
517,5.0,4.0
518,5.0,5.0
519,5.0,5.0
520,5.0,5.0
521,5.0,5.0
522,5.0,5.0
523,5.0,5.0
524,5.0,5.0
525,5.0,5.0
526,5.0,5.0
527,5.0,4.0
528,5.0,5.0
529,5.0,5.0
530,5.0,2.0
531,5.0,2.0
532,5.0,1.0
533,5.0,5.0
534,5.0,5.0
535,5.0,5.0
536,5.0,5.0
537,5.0,2.0
538,5.0,5.0
539,5.0,5.0
540,5.0,2.0
541,5.0,2.0
542,5.0,2.0
543,5.0,6.0
544,5.0,5.0
545,5.0,2.0
546,5.0,2.0
547,5.0,4.0
548,5.0,5.0
549,5.0,5.0
550,5.0,5.0
551,5.0,4.0
552,5.0,2.0
553,5.0,2.0
554,5.0,2.0
555,5.0,5.0
556,5.0,5.0
557,5.0,5.0
558,5.0,2.0
559,5.0,2.0
560,5.0,5.0
561,5.0,2.0
562,5.0,2.0
563,5.0,5.0
564,5.0,5.0
565,5.0,2.0
566,5.0,2.0
567,5.0,2.0
568,5.0,2.0
569,5.0,2.0
570,5.0,2.0
571,5.0,5.0
572,5.0,5.0
573,5.0,5.0
574,5.0,5.0
575,5.0,5.0
576,5.0,5.0
577,5.0,5.0
578,5.0,5.0
579,5.0,5.0
580,5.0,5.0
581,5.0,2.0
582,5.0,5.0
583,5.0,2.0
584,5.0,2.0
585,5.0,2.0
586,5.0,2.0
587,5.0,5.0
588,5.0,5.0
589,5.0,2.0
590,5.0,2.0
591,5.0,2.0
592,5.0,5.0
593,5.0,5.0
594,5.0,5.0
595,5.0,5.0
596,5.0,2.0
597,5.0,2.0
598,5.0,5.0
599,5.0,5.0
600,5.0,2.0
601,5.0,5.0
602,5.0,5.0
603,5.0,5.0
604,5.0,5.0
605,5.0,5.0
606,5.0,5.0
607,5.0,5.0
608,5.0,7.0
609,5.0,5.0
610,5.0,5.0
611,5.0,4.0
612,5.0,4.0
613,5.0,5.0
614,5.0,5.0
615,5.0,5.0
616,5.0,5.0
617,5.0,5.0
618,5.0,4.0
619,5.0,5.0
620,5.0,5.0
621,5.0,5.0
622,5.0,5.0
623,5.0,5.0
624,5.0,2.0
625,5.0,2.0
626,5.0,5.0
627,5.0,5.0
628,5.0,5.0
629,5.0,5.0
630,5.0,5.0
631,5.0,5.0
632,5.0,6.0
633,5.0,5.0
634,5.0,5.0
635,5.0,2.0
636,5.0,5.0
637,5.0,5.0
638,5.0,2.0
639,5.0,5.0
640,5.0,5.0
641,5.0,5.0
642,5.0,5.0
643,5.0,5.0
644,5.0,5.0
645,5.0,5.0
646,5.0,5.0
647,5.0,5.0
648,5.0,5.0
649,5.0,5.0
650,5.0,5.0
651,5.0,5.0
652,5.0,5.0
653,5.0,5.0
654,5.0,5.0
655,5.0,5.0
656,5.0,5.0
657,5.0,5.0
658,5.0,5.0
659,5.0,5.0
660,5.0,5.0
661,5.0,5.0
662,5.0,5.0
663,5.0,5.0
664,5.0,5.0
665,5.0,4.0
666,5.0,5.0
667,5.0,5.0
668,5.0,2.0
669,5.0,2.0
670,5.0,2.0
671,5.0,2.0
672,5.0,5.0
673,5.0,5.0
674,5.0,5.0
675,5.0,2.0
676,5.0,2.0
677,5.0,2.0
678,5.0,5.0
679,5.0,2.0
680,5.0,5.0
681,5.0,5.0
682,5.0,5.0
683,5.0,5.0
684,5.0,3.0
685,5.0,2.0
686,5.0,2.0
687,5.0,5.0
688,5.0,5.0
689,5.0,2.0
690,5.0,5.0
691,5.0,7.0
692,5.0,2.0
693,5.0,2.0
694,5.0,5.0
695,5.0,7.0
696,5.0,2.0
697,5.0,5.0
698,5.0,2.0
699,5.0,5.0
700,5.0,5.0
701,5.0,5.0
702,5.0,5.0
703,5.0,5.0
704,5.0,5.0
705,5.0,5.0
706,5.0,5.0
707,5.0,5.0
708,5.0,5.0
709,5.0,5.0
710,5.0,2.0
711,5.0,2.0
712,5.0,5.0
713,5.0,5.0
714,5.0,5.0
715,5.0,5.0
716,5.0,2.0
717,5.0,2.0
718,5.0,6.0
719,5.0,5.0
720,5.0,5.0
721,5.0,5.0
722,5.0,5.0
723,5.0,2.0
724,5.0,5.0
725,5.0,5.0
726,5.0,7.0
727,5.0,5.0
728,5.0,5.0
729,5.0,5.0
730,5.0,5.0
731,5.0,5.0
732,5.0,2.0
733,5.0,5.0
734,5.0,5.0
735,5.0,5.0
736,5.0,5.0
737,5.0,2.0
738,5.0,2.0
739,3.0,3.0
740,3.0,3.0
741,3.0,3.0
742,3.0,5.0
743,3.0,3.0
744,3.0,6.0
745,3.0,3.0
746,3.0,3.0
747,3.0,3.0
748,3.0,5.0
749,3.0,3.0
750,3.0,3.0
751,3.0,7.0
752,3.0,7.0
753,3.0,3.0
754,3.0,7.0
755,3.0,3.0
756,3.0,3.0
757,3.0,7.0
758,3.0,3.0
759,3.0,3.0
760,3.0,3.0
761,3.0,7.0
762,3.0,3.0
763,3.0,3.0
764,3.0,3.0
765,3.0,7.0
766,3.0,3.0
767,3.0,3.0
768,3.0,3.0
769,3.0,3.0
770,3.0,7.0
771,3.0,3.0
772,3.0,7.0
773,3.0,7.0
774,3.0,3.0
775,3.0,3.0
776,3.0,7.0
777,3.0,3.0
778,3.0,5.0
779,3.0,3.0
780,3.0,3.0
781,3.0,3.0
782,3.0,7.0
783,3.0,7.0
784,3.0,7.0
785,3.0,3.0
786,3.0,3.0
787,3.0,3.0
788,3.0,3.0
789,3.0,3.0
790,3.0,3.0
791,3.0,7.0
792,3.0,7.0
793,3.0,3.0
794,3.0,3.0
795,3.0,3.0
796,3.0,3.0
797,3.0,5.0
798,3.0,3.0
799,3.0,3.0
800,3.0,7.0
801,3.0,3.0
802,3.0,7.0
803,3.0,5.0
804,3.0,7.0
805,3.0,3.0
806,3.0,3.0
807,3.0,3.0
808,3.0,3.0
809,3.0,3.0
810,3.0,3.0
811,3.0,3.0
812,3.0,3.0
813,3.0,7.0
814,3.0,3.0
815,3.0,3.0
816,3.0,3.0
817,3.0,3.0
818,3.0,3.0
819,3.0,3.0
820,3.0,3.0
821,3.0,7.0
822,3.0,5.0
823,3.0,7.0
824,3.0,3.0
825,3.0,3.0
826,3.0,3.0
827,3.0,7.0
828,3.0,3.0
829,3.0,5.0
830,3.0,3.0
831,3.0,3.0
832,3.0,3.0
833,3.0,3.0
834,3.0,3.0
835,3.0,3.0
836,3.0,7.0
837,3.0,3.0
838,3.0,3.0
839,3.0,3.0
840,3.0,7.0
841,3.0,7.0
842,3.0,3.0
843,3.0,3.0
844,3.0,3.0
845,3.0,3.0
846,3.0,5.0
847,3.0,3.0
848,3.0,7.0
849,3.0,7.0
850,3.0,3.0
851,3.0,3.0
852,3.0,3.0
853,3.0,3.0
854,3.0,3.0
855,3.0,7.0
856,3.0,7.0
857,3.0,4.0
858,3.0,3.0
859,3.0,3.0
860,3.0,3.0
861,3.0,3.0
862,3.0,3.0
863,3.0,3.0
864,3.0,3.0
865,3.0,3.0
866,3.0,7.0
867,3.0,3.0
868,3.0,7.0
869,3.0,7.0
870,3.0,3.0
871,3.0,3.0
872,3.0,3.0
873,3.0,3.0
874,3.0,7.0
875,3.0,3.0
876,3.0,5.0
877,3.0,3.0
878,3.0,5.0
879,3.0,3.0
880,3.0,3.0
881,3.0,3.0
882,3.0,3.0
883,3.0,7.0
884,3.0,3.0
885,3.0,3.0
886,3.0,3.0
887,3.0,7.0
888,3.0,7.0
889,3.0,3.0
890,3.0,5.0
891,3.0,3.0
892,3.0,3.0
893,3.0,7.0
894,3.0,3.0
895,3.0,3.0
896,3.0,3.0
897,3.0,3.0
898,3.0,3.0
899,3.0,7.0
900,3.0,3.0
901,3.0,5.0
902,3.0,7.0
903,3.0,3.0
904,3.0,5.0
905,3.0,3.0
906,3.0,3.0
907,3.0,3.0
908,3.0,7.0
909,3.0,3.0
910,3.0,3.0
911,3.0,3.0
912,3.0,6.0
913,3.0,7.0
914,3.0,7.0
915,3.0,3.0
916,3.0,7.0
917,3.0,7.0
918,3.0,3.0
919,3.0,3.0
920,3.0,5.0
921,3.0,7.0
922,3.0,3.0
923,3.0,7.0
924,3.0,7.0
925,3.0,3.0
926,3.0,3.0
927,3.0,5.0
928,3.0,7.0
929,3.0,3.0
930,3.0,3.0
931,3.0,7.0
932,3.0,3.0
933,3.0,3.0
934,3.0,3.0
935,3.0,3.0
936,3.0,7.0
937,3.0,7.0
938,3.0,3.0
939,3.0,3.0
940,3.0,7.0
941,3.0,3.0
942,3.0,3.0
943,3.0,3.0
944,3.0,3.0
945,3.0,3.0
946,3.0,7.0
947,3.0,3.0
948,3.0,7.0
949,3.0,3.0
950,3.0,3.0
951,3.0,7.0
952,3.0,3.0
953,3.0,3.0
954,3.0,7.0
955,3.0,3.0
956,3.0,7.0
957,3.0,7.0
958,3.0,3.0
959,3.0,3.0
960,3.0,3.0
961,3.0,3.0
962,3.0,3.0
963,3.0,3.0
964,3.0,3.0
965,3.0,3.0
966,3.0,3.0
967,3.0,5.0
968,3.0,7.0
969,3.0,3.0
970,3.0,3.0
971,3.0,7.0
972,3.0,3.0
973,3.0,3.0
974,3.0,3.0
975,3.0,5.0
976,3.0,3.0
977,3.0,3.0
978,3.0,3.0
979,3.0,7.0
980,3.0,3.0
981,3.0,7.0
982,3.0,3.0
983,3.0,3.0
984,3.0,7.0
985,3.0,7.0
986,3.0,3.0
987,3.0,7.0
988,3.0,3.0
989,3.0,7.0
990,3.0,3.0
991,3.0,3.0
992,3.0,7.0
993,3.0,7.0
994,3.0,3.0
995,3.0,7.0
996,3.0,3.0
997,3.0,3.0
998,3.0,7.0
999,3.0,3.0
1000,3.0,7.0
1001,3.0,3.0
1002,3.0,3.0
1003,3.0,7.0
1004,3.0,3.0
1005,3.0,3.0
1006,3.0,3.0
1007,3.0,5.0
1008,3.0,7.0
1009,3.0,5.0
1010,3.0,3.0
1011,3.0,7.0
1012,3.0,3.0
1013,3.0,7.0
1014,3.0,3.0
1015,3.0,3.0
1016,3.0,3.0
1017,3.0,3.0
1018,3.0,3.0
1019,3.0,7.0
1020,3.0,5.0
1021,3.0,7.0
1022,3.0,3.0
1023,3.0,3.0
1024,3.0,3.0
1025,3.0,7.0
1026,3.0,3.0
1027,3.0,3.0
1028,3.0,3.0
1029,3.0,7.0
1030,3.0,3.0
1031,3.0,3.0
1032,3.0,3.0
1033,3.0,3.0
1034,3.0,7.0
1035,3.0,5.0
1036,3.0,7.0
1037,3.0,3.0
1038,3.0,5.0
1039,3.0,3.0
1040,3.0,7.0
1041,3.0,3.0
1042,3.0,3.0
1043,3.0,3.0
1044,3.0,3.0
1045,3.0,3.0
1046,3.0,3.0
1047,3.0,3.0
1048,3.0,5.0
1049,3.0,5.0
1050,3.0,7.0
1051,3.0,3.0
1052,3.0,7.0
1053,3.0,7.0
1054,3.0,3.0
1055,3.0,3.0
1056,3.0,3.0
1057,3.0,3.0
1058,3.0,7.0
1059,3.0,3.0
1060,3.0,3.0
1061,3.0,3.0
1062,2.0,2.0
1063,2.0,2.0
1064,2.0,2.0
1065,2.0,2.0
1066,2.0,2.0
1067,2.0,2.0
1068,2.0,2.0
1069,2.0,2.0
1070,2.0,2.0
1071,2.0,2.0
1072,2.0,2.0
1073,2.0,2.0
1074,2.0,2.0
1075,2.0,2.0
1076,2.0,2.0
1077,2.0,2.0
1078,2.0,2.0
1079,2.0,2.0
1080,2.0,2.0
1081,2.0,2.0
1082,2.0,2.0
1083,2.0,2.0
1084,2.0,2.0
1085,2.0,2.0
1086,2.0,2.0
1087,2.0,2.0
1088,2.0,2.0
1089,2.0,2.0
1090,2.0,2.0
1091,2.0,2.0
1092,2.0,2.0
1093,2.0,2.0
1094,2.0,2.0
1095,2.0,2.0
1096,2.0,2.0
1097,2.0,2.0
1098,2.0,5.0
1099,2.0,2.0
1100,2.0,2.0
1101,2.0,2.0
1102,2.0,2.0
1103,2.0,2.0
1104,2.0,2.0
1105,2.0,2.0
1106,2.0,2.0
1107,2.0,2.0
1108,2.0,2.0
1109,2.0,2.0
1110,2.0,2.0
1111,2.0,2.0
1112,2.0,2.0
1113,2.0,2.0
1114,2.0,2.0
1115,2.0,2.0
1116,2.0,2.0
1117,2.0,2.0
1118,2.0,2.0
1119,2.0,2.0
1120,2.0,2.0
1121,2.0,2.0
1122,2.0,2.0
1123,2.0,5.0
1124,2.0,2.0
1125,2.0,2.0
1126,2.0,2.0
1127,2.0,2.0
1128,2.0,2.0
1129,2.0,5.0
1130,2.0,2.0
1131,2.0,2.0
1132,2.0,2.0
1133,2.0,5.0
1134,2.0,2.0
1135,2.0,2.0
1136,2.0,2.0
1137,2.0,2.0
1138,2.0,2.0
1139,2.0,2.0
1140,2.0,2.0
1141,2.0,2.0
1142,2.0,2.0
1143,2.0,5.0
1144,2.0,2.0
1145,2.0,2.0
1146,2.0,2.0
1147,2.0,5.0
1148,2.0,2.0
1149,2.0,2.0
1150,2.0,2.0
1151,2.0,2.0
1152,2.0,2.0
1153,2.0,2.0
1154,2.0,2.0
1155,2.0,5.0
1156,2.0,2.0
1157,2.0,2.0
1158,2.0,2.0
1159,2.0,2.0
1160,2.0,2.0
1161,2.0,2.0
1162,2.0,5.0
1163,2.0,5.0
1164,2.0,2.0
1165,2.0,2.0
1166,2.0,2.0
1167,2.0,2.0
1168,2.0,2.0
1169,2.0,2.0
1170,2.0,2.0
1171,2.0,2.0
1172,2.0,2.0
1173,2.0,2.0
1174,2.0,2.0
1175,2.0,2.0
1176,2.0,2.0
1177,2.0,2.0
1178,2.0,2.0
1179,2.0,2.0
1180,2.0,2.0
1181,2.0,2.0
1182,2.0,2.0
1183,2.0,2.0
1184,2.0,2.0
1185,2.0,2.0
1186,2.0,2.0
1187,2.0,2.0
1188,2.0,2.0
1189,2.0,2.0
1190,2.0,2.0
1191,2.0,2.0
1192,2.0,5.0
1193,2.0,2.0
1194,2.0,5.0
1195,2.0,2.0
1196,2.0,2.0
1197,2.0,2.0
1198,2.0,2.0
1199,2.0,2.0
1200,2.0,2.0
1201,2.0,2.0
1202,2.0,2.0
1203,2.0,2.0
1204,2.0,2.0
1205,2.0,2.0
1206,2.0,2.0
1207,2.0,2.0
1208,2.0,2.0
1209,2.0,2.0
1210,2.0,2.0
1211,2.0,2.0
1212,2.0,2.0
1213,2.0,2.0
1214,2.0,2.0
1215,2.0,2.0
1216,2.0,2.0
1217,2.0,2.0
1218,2.0,2.0
1219,2.0,2.0
1220,2.0,2.0
1221,2.0,2.0
1222,2.0,2.0
1223,2.0,2.0
1224,2.0,2.0
1225,2.0,2.0
1226,2.0,2.0
1227,2.0,2.0
1228,2.0,2.0
1229,2.0,2.0
1230,2.0,2.0
1231,2.0,2.0
1232,2.0,2.0
1233,2.0,2.0
1234,2.0,2.0
1235,2.0,2.0
1236,2.0,2.0
1237,2.0,2.0
1238,2.0,2.0
1239,2.0,2.0
1240,2.0,2.0
1241,2.0,2.0
1242,2.0,2.0
1243,2.0,2.0
1244,2.0,2.0
1245,2.0,2.0
1246,2.0,2.0
1247,2.0,2.0
1248,2.0,2.0
1249,2.0,2.0
1250,2.0,2.0
1251,2.0,2.0
1252,2.0,5.0
1253,2.0,2.0
1254,2.0,2.0
1255,2.0,2.0
1256,2.0,2.0
1257,2.0,2.0
1258,2.0,2.0
1259,2.0,2.0
1260,2.0,2.0
1261,2.0,2.0
1262,2.0,2.0
1263,2.0,2.0
1264,2.0,2.0
1265,2.0,2.0
1266,2.0,2.0
1267,2.0,2.0
1268,2.0,2.0
1269,2.0,2.0
1270,2.0,2.0
1271,2.0,2.0
1272,2.0,2.0
1273,2.0,2.0
1274,2.0,2.0
1275,2.0,2.0
1276,2.0,2.0
1277,2.0,2.0
1278,2.0,2.0
1279,2.0,2.0
1280,2.0,2.0
1281,2.0,2.0
1282,2.0,2.0
1283,2.0,2.0
1284,2.0,2.0
1285,2.0,2.0
1286,2.0,2.0
1287,2.0,2.0
1288,2.0,2.0
1289,2.0,2.0
1290,2.0,5.0
1291,2.0,5.0
1292,2.0,2.0
1293,2.0,2.0
1294,2.0,2.0
1295,2.0,5.0
1296,2.0,2.0
1297,2.0,5.0
1298,2.0,5.0
1299,2.0,5.0
1300,2.0,2.0
1301,2.0,5.0
1302,2.0,2.0
1303,2.0,2.0
1304,2.0,2.0
1305,2.0,2.0
1306,2.0,5.0
1307,2.0,2.0
1308,2.0,2.0
1309,2.0,2.0
1310,2.0,2.0
1311,2.0,5.0
1312,2.0,2.0
1313,2.0,2.0
1314,2.0,2.0
1315,2.0,2.0
1316,2.0,2.0
1317,2.0,2.0
1318,2.0,5.0
1319,2.0,5.0
1320,2.0,5.0
1321,2.0,5.0
1322,2.0,5.0
1323,2.0,5.0
1324,2.0,5.0
1325,2.0,5.0
1326,2.0,5.0
1327,2.0,5.0
1328,2.0,5.0
1329,2.0,5.0
1330,2.0,5.0
1331,2.0,5.0
1332,2.0,5.0
1333,2.0,5.0
1334,2.0,5.0
1335,2.0,2.0
1336,2.0,5.0
1337,2.0,2.0
1338,2.0,5.0
1339,2.0,5.0
1340,2.0,5.0
1341,2.0,2.0
1342,2.0,2.0
1343,2.0,2.0
1344,2.0,5.0
1345,2.0,5.0
1346,2.0,5.0
1347,2.0,5.0
1348,2.0,2.0
1349,2.0,5.0
1350,2.0,5.0
1351,2.0,2.0
1352,2.0,5.0
1353,2.0,5.0
1354,2.0,5.0
1355,2.0,5.0
1356,2.0,5.0
1357,2.0,5.0
1358,2.0,5.0
1359,2.0,5.0
1360,2.0,2.0
1361,2.0,5.0
1362,2.0,5.0
1363,2.0,5.0
1364,2.0,5.0
1365,2.0,5.0
1366,2.0,5.0
1367,2.0,5.0
1368,2.0,5.0
1369,2.0,5.0
1370,2.0,5.0
1371,2.0,5.0
1372,2.0,5.0
1373,2.0,5.0
1374,2.0,5.0
1375,2.0,5.0
1376,2.0,5.0
1377,2.0,5.0
1378,2.0,5.0
1379,2.0,5.0
1380,2.0,5.0
1381,2.0,5.0
1382,2.0,2.0
1383,2.0,5.0
1384,2.0,2.0
1385,2.0,5.0
1386,2.0,5.0
1387,2.0,5.0
1388,2.0,5.0
1389,2.0,5.0
1390,2.0,5.0
1391,2.0,5.0
1392,2.0,5.0
1393,2.0,5.0
1394,2.0,2.0
1395,2.0,5.0
1396,2.0,5.0
1397,2.0,5.0
1398,2.0,5.0
1399,2.0,5.0
1400,2.0,5.0
1401,2.0,5.0
1402,2.0,5.0
1403,2.0,5.0
1404,2.0,5.0
1405,2.0,5.0
1406,2.0,5.0
1407,2.0,5.0
1408,2.0,5.0
1409,2.0,5.0
1410,2.0,5.0
1411,2.0,5.0
1412,2.0,5.0
1413,2.0,5.0
1414,2.0,2.0
1415,2.0,5.0
1416,2.0,5.0
1417,2.0,2.0
1418,7.0,7.0
1419,7.0,5.0
1420,7.0,5.0
1421,7.0,5.0
1422,7.0,7.0
1423,7.0,7.0
1424,7.0,7.0
1425,7.0,7.0
1426,7.0,7.0
1427,7.0,5.0
1428,7.0,7.0
1429,7.0,7.0
1430,7.0,7.0
1431,7.0,7.0
1432,7.0,7.0
1433,7.0,7.0
1434,7.0,7.0
1435,7.0,7.0
1436,7.0,7.0
1437,7.0,7.0
1438,7.0,5.0
1439,7.0,5.0
1440,7.0,2.0
1441,7.0,5.0
1442,7.0,5.0
1443,7.0,5.0
1444,7.0,5.0
1445,7.0,5.0
1446,7.0,5.0
1447,7.0,5.0
1448,7.0,7.0
1449,7.0,5.0
1450,7.0,7.0
1451,7.0,5.0
1452,7.0,5.0
1453,7.0,5.0
1454,7.0,5.0
1455,7.0,7.0
1456,7.0,5.0
1457,7.0,7.0
1458,7.0,7.0
1459,7.0,5.0
1460,7.0,5.0
1461,7.0,7.0
1462,7.0,7.0
1463,7.0,5.0
1464,7.0,5.0
1465,7.0,5.0
1466,7.0,7.0
1467,7.0,5.0
1468,7.0,7.0
1469,7.0,2.0
1470,7.0,5.0
1471,7.0,7.0
1472,7.0,7.0
1473,7.0,5.0
1474,7.0,5.0
1475,7.0,7.0
1476,7.0,5.0
1477,7.0,2.0
1478,7.0,5.0
1479,7.0,5.0
1480,7.0,5.0
1481,7.0,7.0
1482,7.0,5.0
1483,7.0,5.0
1484,7.0,5.0
1485,7.0,7.0
1486,7.0,5.0
1487,7.0,7.0
1488,7.0,5.0
1489,7.0,4.0
1490,7.0,5.0
1491,7.0,7.0
1492,7.0,7.0
1493,7.0,5.0
1494,7.0,7.0
1495,7.0,7.0
1496,7.0,7.0
1497,7.0,4.0
1498,7.0,7.0
1499,7.0,7.0
1500,7.0,5.0
1501,7.0,7.0
1502,7.0,7.0
1503,7.0,7.0
1504,7.0,5.0
1505,7.0,5.0
1506,7.0,5.0
1507,7.0,5.0
1508,7.0,5.0
1509,7.0,5.0
1510,7.0,5.0
1511,7.0,7.0
1512,7.0,5.0
1513,7.0,7.0
1514,7.0,5.0
1515,7.0,7.0
1516,7.0,5.0
1517,7.0,5.0
1518,7.0,5.0
1519,7.0,5.0
1520,7.0,5.0
1521,7.0,5.0
1522,7.0,2.0
1523,7.0,7.0
1524,7.0,5.0
1525,7.0,7.0
1526,7.0,7.0
1527,7.0,7.0
1528,7.0,5.0
1529,7.0,5.0
1530,7.0,7.0
1531,7.0,5.0
1532,7.0,5.0
1533,7.0,7.0
1534,7.0,5.0
1535,7.0,7.0
1536,7.0,4.0
1537,7.0,7.0
1538,7.0,5.0
1539,7.0,5.0
1540,7.0,5.0
1541,7.0,5.0
1542,7.0,3.0
1543,7.0,7.0
1544,7.0,4.0
1545,7.0,5.0
1546,7.0,5.0
1547,7.0,3.0
1548,7.0,5.0
1549,7.0,7.0
1550,7.0,7.0
1551,7.0,7.0
1552,7.0,7.0
1553,7.0,5.0
1554,7.0,5.0
1555,7.0,5.0
1556,7.0,5.0
1557,7.0,5.0
1558,7.0,7.0
1559,7.0,5.0
1560,7.0,7.0
1561,7.0,5.0
1562,7.0,4.0
1563,7.0,5.0
1564,7.0,5.0
1565,7.0,5.0
1566,7.0,4.0
1567,7.0,1.0
1568,7.0,5.0
1569,7.0,7.0
1570,7.0,7.0
1571,7.0,5.0
1572,7.0,7.0
1573,7.0,5.0
1574,7.0,5.0
1575,7.0,5.0
1576,7.0,5.0
1577,7.0,5.0
1578,7.0,5.0
1579,7.0,7.0
1580,7.0,5.0
1581,7.0,5.0
1582,7.0,7.0
1583,7.0,5.0
1584,7.0,5.0
1585,7.0,4.0
1586,7.0,5.0
1587,7.0,4.0
1588,7.0,7.0
1589,7.0,5.0
1590,7.0,5.0
1591,7.0,5.0
1592,7.0,5.0
1593,7.0,5.0
1594,7.0,5.0
1595,7.0,5.0
1596,7.0,5.0
1597,7.0,5.0
1598,7.0,5.0
1599,7.0,7.0
1600,7.0,5.0
1601,7.0,7.0
1602,7.0,5.0
1603,7.0,7.0
1604,7.0,7.0
1605,7.0,5.0
1606,7.0,7.0
1607,7.0,4.0
1608,7.0,5.0
1609,7.0,5.0
1610,7.0,2.0
1611,7.0,7.0
1612,7.0,7.0
1613,7.0,2.0
1614,7.0,5.0
1615,7.0,5.0
1616,7.0,5.0
1617,7.0,5.0
1618,7.0,7.0
1619,7.0,5.0
1620,7.0,5.0
1621,7.0,5.0
1622,7.0,7.0
1623,7.0,5.0
1624,7.0,4.0
1625,7.0,7.0
1626,7.0,4.0
1627,7.0,4.0
1628,7.0,5.0
1629,7.0,4.0
1630,7.0,4.0
1631,7.0,5.0
1632,7.0,5.0
1633,7.0,7.0
1634,7.0,4.0
1635,7.0,4.0
1636,7.0,4.0
1637,7.0,4.0
1638,7.0,4.0
1639,7.0,5.0
1640,7.0,5.0
1641,7.0,7.0
1642,7.0,5.0
1643,7.0,5.0
1644,7.0,5.0
1645,7.0,5.0
1646,7.0,5.0
1647,7.0,5.0
1648,7.0,5.0
1649,7.0,5.0
1650,7.0,5.0
1651,7.0,5.0
1652,7.0,5.0
1653,7.0,5.0
1654,7.0,7.0
1655,7.0,5.0
1656,7.0,5.0
1657,7.0,7.0
1658,7.0,5.0
1659,7.0,5.0
1660,7.0,5.0
1661,7.0,5.0
1662,7.0,5.0
1663,7.0,5.0
1664,7.0,5.0
1665,7.0,5.0
1666,7.0,5.0
1667,7.0,5.0
1668,7.0,5.0
1669,7.0,5.0
1670,7.0,5.0
1671,7.0,7.0
1672,7.0,5.0
1673,7.0,5.0
1674,7.0,5.0
1675,7.0,5.0
1676,7.0,5.0
1677,7.0,5.0
1678,7.0,7.0
1679,7.0,5.0
1680,7.0,5.0
1681,7.0,5.0
1682,7.0,5.0
1683,7.0,5.0
1684,7.0,5.0
1685,7.0,5.0
1686,7.0,5.0
1687,7.0,5.0
1688,7.0,5.0
1689,7.0,5.0
1690,7.0,5.0
1691,7.0,7.0
1692,7.0,5.0
1693,7.0,5.0
1694,7.0,5.0
1695,7.0,5.0
1696,7.0,5.0
1697,7.0,7.0
1698,7.0,5.0
1699,7.0,5.0
1700,7.0,5.0
1701,7.0,7.0
1702,7.0,5.0
1703,7.0,5.0
1704,7.0,5.0
1705,7.0,5.0
1706,7.0,5.0
1707,7.0,5.0
1708,7.0,5.0
1709,7.0,5.0
1710,7.0,7.0
1711,7.0,7.0
1712,7.0,5.0
1713,7.0,5.0
1714,7.0,5.0
1715,7.0,5.0
1716,7.0,5.0
1717,7.0,7.0
1718,7.0,5.0
1719,7.0,5.0
1720,7.0,7.0
1721,7.0,5.0
1722,7.0,5.0
1723,7.0,5.0
1724,7.0,7.0
1725,7.0,7.0
1726,7.0,5.0
1727,7.0,5.0
1728,7.0,5.0
1729,7.0,5.0
1730,7.0,5.0
1731,7.0,7.0
1732,7.0,5.0
1733,7.0,5.0
1734,7.0,5.0
1735,7.0,5.0
1736,7.0,2.0
1737,7.0,5.0
1738,7.0,5.0
1739,7.0,7.0
1740,7.0,5.0
1741,7.0,5.0
1742,7.0,5.0
1743,7.0,7.0
1744,7.0,5.0
1745,7.0,7.0
1746,7.0,5.0
1747,7.0,5.0
1748,7.0,5.0
1749,7.0,5.0
1750,7.0,5.0
1751,7.0,7.0
1752,7.0,5.0
1753,7.0,5.0
1754,7.0,5.0
1755,7.0,5.0
1756,7.0,5.0
1757,7.0,5.0
1758,7.0,5.0
1759,7.0,7.0
1760,7.0,5.0
1761,7.0,5.0
1762,7.0,5.0
1763,7.0,5.0
1764,7.0,5.0
1765,7.0,7.0
1766,7.0,5.0
1767,7.0,5.0
1768,7.0,5.0
1769,7.0,5.0
1770,7.0,7.0
1771,7.0,5.0
1772,7.0,7.0
1773,7.0,5.0
1774,7.0,7.0
1775,7.0,5.0
1776,7.0,5.0
1777,7.0,5.0
1778,7.0,5.0
1779,7.0,5.0
1780,7.0,5.0
1781,7.0,5.0
1782,7.0,5.0
1783,7.0,7.0
1784,7.0,7.0
1785,7.0,4.0
1786,7.0,5.0
1787,7.0,5.0
1788,7.0,5.0
1789,7.0,7.0
1790,7.0,7.0
1791,7.0,5.0
1792,7.0,5.0
1793,7.0,5.0
1794,7.0,7.0
1795,7.0,4.0
1796,7.0,5.0
1797,7.0,5.0
1798,7.0,5.0
1799,7.0,3.0
1800,7.0,5.0
1801,7.0,5.0
1802,7.0,7.0
1803,7.0,5.0
1804,7.0,3.0
1805,7.0,5.0
1806,7.0,7.0
1807,7.0,7.0
1808,7.0,7.0
1809,7.0,7.0
1810,7.0,7.0
1811,7.0,5.0
1812,5.0,5.0
1813,5.0,5.0
1814,5.0,5.0
1815,5.0,4.0
1816,5.0,5.0
1817,5.0,5.0
1818,5.0,5.0
1819,5.0,5.0
1820,5.0,5.0
1821,5.0,5.0
1822,5.0,5.0
1823,5.0,5.0
1824,5.0,5.0
1825,5.0,5.0
1826,5.0,5.0
1827,5.0,5.0
1828,5.0,5.0
1829,5.0,5.0
1830,5.0,5.0
1831,5.0,5.0
1832,5.0,5.0
1833,5.0,5.0
1834,5.0,5.0
1835,5.0,5.0
1836,5.0,5.0
1837,5.0,5.0
1838,5.0,5.0
1839,5.0,5.0
1840,5.0,5.0
1841,5.0,4.0
1842,5.0,4.0
1843,5.0,6.0
1844,5.0,5.0
1845,5.0,5.0
1846,5.0,5.0
1847,5.0,5.0
1848,5.0,5.0
1849,5.0,4.0
1850,5.0,5.0
1851,5.0,4.0
1852,5.0,5.0
1853,5.0,5.0
1854,5.0,5.0
1855,5.0,5.0
1856,5.0,4.0
1857,5.0,1.0
1858,5.0,4.0
1859,5.0,5.0
1860,5.0,5.0
1861,5.0,5.0
1862,5.0,4.0
1863,5.0,5.0
1864,5.0,5.0
1865,5.0,5.0
1866,5.0,5.0
1867,5.0,5.0
1868,5.0,5.0
1869,5.0,5.0
1870,5.0,5.0
1871,5.0,2.0
1872,5.0,5.0
1873,5.0,2.0
1874,5.0,4.0
1875,5.0,5.0
1876,5.0,5.0
1877,5.0,5.0
1878,5.0,5.0
1879,5.0,5.0
1880,5.0,5.0
1881,5.0,5.0
1882,5.0,5.0
1883,5.0,5.0
1884,5.0,5.0
1885,5.0,5.0
1886,5.0,5.0
1887,5.0,5.0
1888,5.0,5.0
1889,5.0,4.0
1890,5.0,5.0
1891,5.0,5.0
1892,5.0,5.0
1893,5.0,5.0
1894,5.0,5.0
1895,5.0,5.0
1896,5.0,6.0
1897,5.0,5.0
1898,5.0,5.0
1899,5.0,5.0
1900,5.0,5.0
1901,5.0,4.0
1902,5.0,5.0
1903,5.0,5.0
1904,5.0,5.0
1905,5.0,4.0
1906,5.0,4.0
1907,5.0,5.0
1908,5.0,5.0
1909,5.0,5.0
1910,5.0,5.0
1911,5.0,5.0
1912,5.0,5.0
1913,5.0,5.0
1914,5.0,4.0
1915,5.0,5.0
1916,5.0,5.0
1917,5.0,5.0
1918,5.0,5.0
1919,5.0,5.0
1920,5.0,5.0
1921,5.0,5.0
1922,5.0,4.0
1923,5.0,4.0
1924,5.0,4.0
1925,5.0,5.0
1926,5.0,5.0
1927,5.0,5.0
1928,5.0,5.0
1929,5.0,5.0
1930,5.0,4.0
1931,5.0,5.0
1932,5.0,4.0
1933,5.0,5.0
1934,5.0,5.0
1935,5.0,5.0
1936,5.0,5.0
1937,5.0,5.0
1938,5.0,5.0
1939,5.0,5.0
1940,5.0,5.0
1941,5.0,5.0
1942,5.0,5.0
1943,5.0,5.0
1944,5.0,5.0
1945,5.0,5.0
1946,5.0,5.0
1947,5.0,4.0
1948,5.0,4.0
1949,5.0,2.0
1950,5.0,5.0
1951,5.0,7.0
1952,5.0,5.0
1953,5.0,5.0
1954,5.0,7.0
1955,5.0,4.0
1956,5.0,7.0
1957,5.0,5.0
1958,5.0,2.0
1959,5.0,5.0
1960,5.0,5.0
1961,5.0,5.0
1962,5.0,6.0
1963,5.0,5.0
1964,5.0,5.0
1965,5.0,5.0
1966,5.0,5.0
1967,5.0,5.0
1968,5.0,5.0
1969,5.0,5.0
1970,5.0,5.0
1971,5.0,5.0
1972,5.0,5.0
1973,5.0,4.0
1974,5.0,5.0
1975,5.0,5.0
1976,5.0,5.0
1977,5.0,5.0
1978,5.0,4.0
1979,5.0,4.0
1980,5.0,4.0
1981,5.0,5.0
1982,5.0,5.0
1983,5.0,5.0
1984,5.0,6.0
1985,5.0,4.0
1986,5.0,5.0
1987,5.0,5.0
1988,5.0,5.0
1989,5.0,5.0
1990,5.0,5.0
1991,5.0,5.0
1992,5.0,5.0
1993,5.0,5.0
1994,5.0,5.0
1995,5.0,5.0
1996,5.0,5.0
1997,5.0,5.0
1998,5.0,5.0
1999,5.0,5.0
2000,5.0,5.0
2001,5.0,5.0
2002,5.0,5.0
2003,5.0,5.0
2004,5.0,4.0
2005,5.0,5.0
2006,5.0,5.0
2007,5.0,4.0
2008,5.0,5.0
2009,5.0,4.0
2010,5.0,5.0
2011,5.0,5.0
2012,5.0,5.0
2013,5.0,4.0
2014,5.0,3.0
2015,5.0,4.0
2016,5.0,5.0
2017,5.0,5.0
2018,5.0,5.0
2019,5.0,3.0
2020,5.0,1.0
2021,5.0,5.0
2022,5.0,5.0
2023,5.0,5.0
2024,5.0,5.0
2025,5.0,4.0
2026,5.0,5.0
2027,5.0,5.0
2028,5.0,5.0
2029,5.0,4.0
2030,5.0,5.0
2031,5.0,5.0
2032,5.0,5.0
2033,5.0,5.0
2034,5.0,5.0
2035,5.0,5.0
2036,5.0,4.0
2037,5.0,5.0
2038,5.0,5.0
2039,5.0,5.0
2040,5.0,5.0
2041,5.0,6.0
2042,5.0,5.0
2043,5.0,5.0
2044,5.0,5.0
2045,5.0,5.0
2046,5.0,5.0
2047,5.0,5.0
2048,5.0,5.0
2049,5.0,5.0
2050,5.0,5.0
2051,5.0,5.0
2052,5.0,5.0
2053,5.0,5.0
2054,5.0,5.0
2055,5.0,4.0
2056,5.0,5.0
2057,5.0,5.0
2058,5.0,5.0
2059,5.0,5.0
2060,5.0,5.0
2061,5.0,5.0
2062,5.0,5.0
2063,5.0,5.0
2064,5.0,5.0
2065,5.0,5.0
2066,5.0,5.0
2067,5.0,5.0
2068,5.0,5.0
2069,5.0,5.0
2070,5.0,5.0
2071,5.0,5.0
2072,5.0,5.0
2073,5.0,5.0
2074,5.0,5.0
2075,5.0,5.0
2076,5.0,5.0
2077,5.0,5.0
2078,5.0,5.0
2079,5.0,7.0
2080,5.0,5.0
2081,5.0,7.0
2082,5.0,4.0
2083,5.0,5.0
2084,5.0,5.0
2085,5.0,5.0
2086,5.0,4.0
2087,5.0,5.0
2088,5.0,5.0
2089,5.0,5.0
2090,5.0,5.0
2091,5.0,5.0
2092,5.0,5.0
2093,5.0,2.0
2094,5.0,5.0
2095,5.0,5.0
2096,5.0,5.0
2097,5.0,5.0
2098,5.0,5.0
2099,5.0,4.0
2100,5.0,5.0
2101,5.0,5.0
2102,5.0,5.0
2103,5.0,5.0
2104,5.0,5.0
2105,5.0,5.0
2106,5.0,5.0
2107,5.0,5.0
2108,5.0,5.0
2109,5.0,5.0
2110,5.0,5.0
2111,5.0,5.0
2112,5.0,5.0
2113,5.0,5.0
2114,5.0,5.0
2115,5.0,4.0
2116,5.0,5.0
2117,5.0,5.0
2118,5.0,5.0
2119,5.0,5.0
2120,5.0,5.0
2121,5.0,5.0
2122,5.0,5.0
2123,5.0,5.0
2124,5.0,5.0
2125,5.0,4.0
2126,5.0,4.0
2127,5.0,6.0
2128,5.0,5.0
2129,5.0,5.0
2130,5.0,5.0
2131,5.0,5.0
2132,5.0,5.0
2133,5.0,5.0
2134,5.0,5.0
2135,5.0,2.0
2136,5.0,5.0
2137,5.0,5.0
2138,5.0,5.0
2139,5.0,5.0
2140,5.0,5.0
2141,5.0,5.0
2142,5.0,5.0
2143,5.0,5.0
2144,5.0,2.0
2145,5.0,5.0
2146,5.0,5.0
2147,5.0,2.0
2148,5.0,5.0
2149,5.0,5.0
2150,5.0,2.0
2151,5.0,5.0
2152,5.0,5.0
2153,5.0,5.0
2154,5.0,4.0
2155,5.0,5.0
2156,5.0,4.0
2157,5.0,5.0
2158,5.0,5.0
2159,5.0,5.0
2160,5.0,4.0
2161,5.0,5.0
2162,5.0,5.0
2163,5.0,4.0
2164,5.0,5.0
2165,5.0,5.0
2166,5.0,5.0
2167,5.0,5.0
2168,5.0,5.0
2169,5.0,7.0
2170,5.0,4.0
2171,5.0,4.0
2172,5.0,5.0
2173,5.0,5.0
2174,5.0,5.0
2175,5.0,5.0
2176,5.0,5.0
2177,5.0,5.0
2178,5.0,5.0
2179,5.0,5.0
2180,5.0,5.0
2181,5.0,2.0
2182,5.0,5.0
2183,5.0,5.0
2184,5.0,5.0
2185,5.0,6.0
2186,5.0,5.0
2187,5.0,5.0
2188,5.0,5.0
2189,5.0,5.0
2190,5.0,5.0
2191,5.0,5.0
2192,5.0,4.0
2193,5.0,5.0
2194,5.0,5.0
2195,5.0,5.0
2196,5.0,5.0
2197,5.0,5.0
2198,5.0,5.0
2199,5.0,5.0
2200,5.0,5.0
2201,5.0,5.0
2202,5.0,5.0
2203,5.0,5.0
2204,2.0,5.0
2205,2.0,4.0
2206,2.0,4.0
2207,2.0,2.0
2208,2.0,2.0
2209,2.0,2.0
2210,2.0,2.0
2211,2.0,2.0
2212,2.0,2.0
2213,2.0,2.0
2214,2.0,2.0
2215,2.0,2.0
2216,2.0,2.0
2217,2.0,4.0
2218,2.0,2.0
2219,2.0,2.0
2220,2.0,4.0
2221,2.0,5.0
2222,2.0,5.0
2223,2.0,5.0
2224,2.0,2.0
2225,2.0,2.0
2226,2.0,2.0
2227,2.0,2.0
2228,2.0,2.0
2229,2.0,5.0
2230,2.0,2.0
2231,2.0,2.0
2232,2.0,2.0
2233,2.0,2.0
2234,2.0,2.0
2235,2.0,2.0
2236,2.0,2.0
2237,2.0,2.0
2238,2.0,2.0
2239,2.0,2.0
2240,2.0,2.0
2241,2.0,2.0
2242,2.0,2.0
2243,2.0,2.0
2244,2.0,2.0
2245,2.0,2.0
2246,2.0,2.0
2247,2.0,2.0
2248,2.0,2.0
2249,2.0,2.0
2250,2.0,2.0
2251,2.0,2.0
2252,2.0,2.0
2253,2.0,2.0
2254,2.0,2.0
2255,2.0,2.0
2256,2.0,2.0
2257,2.0,2.0
2258,2.0,2.0
2259,2.0,2.0
2260,2.0,2.0
2261,2.0,2.0
2262,2.0,2.0
2263,2.0,2.0
2264,2.0,2.0
2265,2.0,2.0
2266,2.0,2.0
2267,2.0,2.0
2268,2.0,2.0
2269,2.0,2.0
2270,2.0,2.0
2271,2.0,2.0
2272,2.0,2.0
2273,2.0,2.0
2274,2.0,2.0
2275,2.0,2.0
2276,2.0,2.0
2277,2.0,2.0
2278,2.0,2.0
2279,2.0,2.0
2280,2.0,2.0
2281,2.0,2.0
2282,2.0,2.0
2283,2.0,2.0
2284,2.0,5.0
2285,2.0,5.0
2286,2.0,2.0
2287,2.0,5.0
2288,2.0,5.0
2289,2.0,5.0
2290,2.0,5.0
2291,2.0,2.0
2292,2.0,2.0
2293,2.0,2.0
2294,2.0,5.0
2295,2.0,5.0
2296,2.0,5.0
2297,2.0,5.0
2298,2.0,2.0
2299,2.0,2.0
2300,2.0,2.0
2301,2.0,2.0
2302,2.0,2.0
2303,2.0,5.0
2304,2.0,5.0
2305,2.0,2.0
2306,2.0,5.0
2307,2.0,2.0
2308,2.0,2.0
2309,2.0,5.0
2310,2.0,5.0
2311,2.0,2.0
2312,2.0,5.0
2313,2.0,2.0
2314,2.0,5.0
2315,2.0,5.0
2316,2.0,2.0
2317,2.0,5.0
2318,2.0,5.0
2319,2.0,2.0
2320,2.0,2.0
2321,2.0,5.0
2322,2.0,5.0
2323,2.0,2.0
2324,2.0,2.0
2325,2.0,5.0
2326,2.0,5.0
2327,2.0,5.0
2328,2.0,2.0
2329,2.0,2.0
2330,2.0,2.0
2331,2.0,2.0
2332,2.0,2.0
2333,2.0,5.0
2334,2.0,5.0
2335,2.0,2.0
2336,2.0,2.0
2337,2.0,5.0
2338,2.0,2.0
2339,2.0,2.0
2340,2.0,2.0
2341,2.0,5.0
2342,2.0,5.0
2343,2.0,2.0
2344,2.0,2.0
2345,2.0,5.0
2346,2.0,5.0
2347,2.0,5.0
2348,2.0,5.0
2349,2.0,5.0
2350,2.0,5.0
2351,2.0,2.0
2352,2.0,5.0
2353,2.0,5.0
2354,2.0,5.0
2355,2.0,2.0
2356,2.0,2.0
2357,2.0,5.0
2358,2.0,2.0
2359,2.0,2.0
2360,2.0,5.0
2361,2.0,5.0
2362,2.0,2.0
2363,2.0,2.0
2364,2.0,5.0
2365,2.0,2.0
2366,2.0,2.0
2367,2.0,5.0
2368,2.0,5.0
2369,2.0,5.0
2370,2.0,5.0
2371,2.0,5.0
2372,2.0,2.0
2373,2.0,5.0
2374,2.0,2.0
2375,2.0,2.0
2376,2.0,5.0
2377,2.0,5.0
2378,2.0,5.0
2379,2.0,5.0
2380,2.0,2.0
2381,2.0,2.0
2382,2.0,5.0
2383,2.0,2.0
2384,2.0,5.0
2385,2.0,5.0
2386,2.0,2.0
2387,2.0,5.0
2388,2.0,2.0
2389,2.0,2.0
2390,2.0,5.0
2391,2.0,2.0
2392,2.0,2.0
2393,2.0,2.0
2394,2.0,2.0
2395,2.0,2.0
2396,2.0,2.0
2397,2.0,5.0
2398,2.0,5.0
2399,2.0,5.0
2400,2.0,2.0
2401,2.0,2.0
2402,2.0,2.0
2403,2.0,5.0
2404,2.0,5.0
2405,2.0,5.0
2406,2.0,2.0
2407,2.0,5.0
2408,2.0,5.0
2409,2.0,2.0
2410,2.0,2.0
2411,2.0,2.0
2412,2.0,2.0
2413,2.0,2.0
2414,2.0,5.0
2415,2.0,5.0
2416,2.0,5.0
2417,2.0,5.0
2418,2.0,2.0
2419,2.0,5.0
2420,2.0,5.0
2421,2.0,5.0
2422,2.0,2.0
2423,2.0,5.0
2424,2.0,5.0
2425,2.0,2.0
2426,2.0,5.0
2427,2.0,5.0
2428,2.0,5.0
2429,2.0,5.0
2430,2.0,4.0
2431,2.0,5.0
2432,2.0,2.0
2433,2.0,5.0
2434,2.0,5.0
2435,2.0,2.0
2436,2.0,5.0
2437,2.0,5.0
2438,2.0,2.0
2439,2.0,5.0
2440,2.0,5.0
2441,2.0,5.0
2442,2.0,2.0
2443,2.0,2.0
2444,2.0,2.0
2445,2.0,2.0
2446,2.0,2.0
2447,2.0,5.0
2448,2.0,5.0
2449,2.0,5.0
2450,2.0,2.0
2451,2.0,5.0
2452,2.0,5.0
2453,2.0,5.0
2454,2.0,2.0
2455,2.0,2.0
2456,2.0,5.0
2457,2.0,5.0
2458,2.0,5.0
2459,2.0,5.0
2460,2.0,2.0
2461,2.0,2.0
2462,2.0,2.0
2463,2.0,2.0
2464,2.0,5.0
2465,2.0,5.0
2466,2.0,5.0
2467,2.0,2.0
2468,2.0,5.0
2469,2.0,5.0
2470,2.0,5.0
2471,2.0,2.0
2472,2.0,5.0
2473,2.0,5.0
2474,2.0,2.0
2475,2.0,5.0
2476,2.0,2.0
2477,2.0,5.0
2478,2.0,2.0
2479,2.0,2.0
2480,2.0,2.0
2481,2.0,2.0
2482,2.0,5.0
2483,2.0,5.0
2484,2.0,5.0
2485,2.0,2.0
2486,2.0,5.0
2487,2.0,2.0
2488,2.0,2.0
2489,2.0,2.0
2490,2.0,2.0
2491,2.0,2.0
2492,2.0,2.0
2493,2.0,5.0
2494,2.0,2.0
2495,2.0,5.0
2496,2.0,5.0
2497,2.0,5.0
2498,2.0,2.0
2499,2.0,2.0
2500,2.0,2.0
2501,2.0,2.0
2502,2.0,2.0
2503,2.0,2.0
2504,2.0,2.0
2505,2.0,2.0
2506,2.0,2.0
2507,2.0,2.0
2508,2.0,2.0
2509,2.0,2.0
2510,2.0,2.0
2511,2.0,2.0
2512,2.0,2.0
2513,2.0,2.0
2514,2.0,2.0
2515,4.0,6.0
2516,4.0,4.0
2517,4.0,4.0
2518,4.0,4.0
2519,4.0,4.0
2520,4.0,6.0
2521,4.0,4.0
2522,4.0,1.0
2523,4.0,4.0
2524,4.0,4.0
2525,4.0,5.0
2526,4.0,4.0
2527,4.0,4.0
2528,4.0,4.0
2529,4.0,4.0
2530,4.0,5.0
2531,4.0,6.0
2532,4.0,4.0
2533,4.0,4.0
2534,4.0,7.0
2535,4.0,4.0
2536,4.0,6.0
2537,4.0,4.0
2538,4.0,4.0
2539,4.0,6.0
2540,4.0,4.0
2541,4.0,4.0
2542,4.0,3.0
2543,4.0,1.0
2544,4.0,5.0
2545,4.0,7.0
2546,4.0,5.0
2547,4.0,4.0
2548,4.0,4.0
2549,4.0,6.0
2550,4.0,6.0
2551,4.0,5.0
2552,4.0,4.0
2553,4.0,4.0
2554,4.0,4.0
2555,4.0,4.0
2556,4.0,5.0
2557,4.0,7.0
2558,4.0,4.0
2559,4.0,1.0
2560,4.0,4.0
2561,4.0,6.0
2562,4.0,4.0
2563,4.0,1.0
2564,4.0,4.0
2565,4.0,4.0
2566,4.0,4.0
2567,4.0,4.0
2568,4.0,4.0
2569,4.0,4.0
2570,4.0,4.0
2571,4.0,4.0
2572,4.0,4.0
2573,4.0,4.0
2574,4.0,6.0
2575,4.0,4.0
2576,4.0,4.0
2577,4.0,4.0
2578,4.0,4.0
2579,4.0,6.0
2580,4.0,4.0
2581,4.0,4.0
2582,4.0,4.0
2583,4.0,4.0
2584,4.0,4.0
2585,4.0,7.0
2586,4.0,6.0
2587,4.0,4.0
2588,4.0,4.0
2589,4.0,4.0
2590,4.0,5.0
2591,4.0,4.0
2592,4.0,4.0
2593,4.0,4.0
2594,4.0,4.0
2595,4.0,6.0
2596,4.0,6.0
2597,4.0,4.0
2598,4.0,4.0
2599,4.0,4.0
2600,4.0,6.0
2601,4.0,4.0
2602,4.0,4.0
2603,4.0,4.0
2604,4.0,4.0
2605,4.0,4.0
2606,4.0,7.0
2607,4.0,6.0
2608,4.0,4.0
2609,4.0,5.0
2610,4.0,4.0
2611,4.0,4.0
2612,4.0,4.0
2613,4.0,4.0
2614,4.0,4.0
2615,4.0,4.0
2616,4.0,7.0
2617,4.0,4.0
2618,4.0,6.0
2619,4.0,6.0
2620,4.0,4.0
2621,4.0,6.0
2622,4.0,4.0
2623,4.0,4.0
2624,4.0,4.0
2625,4.0,4.0
2626,4.0,4.0
2627,4.0,4.0
2628,4.0,4.0
2629,4.0,6.0
2630,4.0,4.0
2631,4.0,4.0
2632,4.0,4.0
2633,4.0,4.0
2634,4.0,4.0
2635,4.0,4.0
2636,4.0,5.0
2637,5.0,5.0
2638,5.0,7.0
2639,5.0,5.0
2640,5.0,5.0
2641,5.0,5.0
2642,5.0,3.0
2643,6.0,3.0
2644,6.0,1.0
2645,6.0,4.0
2646,6.0,4.0
2647,6.0,4.0
2648,6.0,6.0
2649,6.0,1.0
2650,6.0,1.0
2651,6.0,6.0
2652,6.0,6.0
2653,6.0,6.0
2654,6.0,4.0
2655,6.0,6.0
2656,6.0,4.0
2657,6.0,4.0
2658,6.0,1.0
2659,6.0,4.0
2660,6.0,1.0
2661,6.0,4.0
2662,6.0,6.0
2663,6.0,4.0
2664,6.0,6.0
2665,6.0,4.0
2666,6.0,6.0
2667,6.0,7.0
2668,6.0,6.0
2669,6.0,6.0
2670,6.0,5.0
2671,6.0,6.0
2672,6.0,1.0
2673,6.0,6.0
2674,6.0,4.0
2675,6.0,1.0
2676,6.0,6.0
2677,6.0,4.0
2678,6.0,4.0
2679,6.0,6.0
2680,6.0,1.0
2681,6.0,6.0
2682,6.0,7.0
2683,6.0,1.0
2684,6.0,5.0
2685,6.0,3.0
2686,6.0,4.0
2687,6.0,4.0
2688,6.0,4.0
2689,6.0,6.0
2690,6.0,4.0
2691,6.0,1.0
2692,6.0,6.0
2693,6.0,6.0
2694,6.0,1.0
2695,6.0,6.0
2696,6.0,3.0
2697,6.0,6.0
2698,6.0,5.0
2699,6.0,6.0
2700,6.0,6.0
2701,6.0,6.0
2702,6.0,1.0
2703,6.0,5.0
2704,6.0,5.0
2705,6.0,6.0
2706,6.0,6.0
2707,6.0,6.0
2708,6.0,4.0
2709,6.0,4.0
2710,6.0,4.0
2711,6.0,5.0
2712,6.0,6.0
2713,6.0,4.0
2714,6.0,5.0
2715,6.0,4.0
2716,6.0,4.0
2717,6.0,6.0
2718,6.0,6.0
2719,6.0,3.0
2720,6.0,4.0
2721,6.0,4.0
2722,6.0,6.0
2723,6.0,5.0
2724,6.0,4.0
2725,6.0,4.0
2726,6.0,4.0
2727,6.0,1.0
2728,6.0,5.0
2729,6.0,6.0
2730,6.0,4.0
2731,6.0,1.0
2732,6.0,6.0
2733,6.0,6.0
2734,6.0,5.0
2735,6.0,1.0
2736,6.0,1.0
2737,6.0,1.0
2738,6.0,5.0
2739,6.0,4.0
2740,6.0,4.0
2741,6.0,4.0
2742,6.0,1.0
2743,6.0,1.0
2744,6.0,4.0
2745,6.0,4.0
2746,6.0,4.0
2747,6.0,4.0
2748,6.0,6.0
2749,6.0,4.0
2750,6.0,4.0
2751,6.0,3.0
2752,6.0,6.0
2753,6.0,6.0
2754,6.0,5.0
2755,6.0,1.0
2756,6.0,4.0
2757,6.0,4.0
2758,6.0,4.0
2759,6.0,4.0
2760,6.0,5.0
2761,6.0,4.0
2762,6.0,4.0
2763,6.0,5.0
2764,6.0,1.0
2765,6.0,4.0
2766,6.0,4.0
2767,6.0,6.0
2768,6.0,5.0
2769,6.0,5.0
2770,6.0,4.0
2771,6.0,5.0
2772,6.0,4.0
2773,6.0,3.0
2774,6.0,6.0
2775,6.0,5.0
2776,6.0,4.0
2777,6.0,3.0
2778,6.0,5.0
2779,6.0,6.0
2780,6.0,1.0
2781,6.0,3.0
2782,6.0,6.0
2783,6.0,4.0
2784,6.0,6.0
2785,6.0,6.0
2786,6.0,4.0
2787,6.0,4.0
2788,6.0,6.0
2789,6.0,1.0
2790,6.0,4.0
2791,5.0,5.0
2792,5.0,5.0
2793,5.0,5.0
2794,5.0,5.0
2795,5.0,5.0
2796,5.0,4.0
2797,5.0,4.0
2798,5.0,3.0
2799,5.0,5.0
2800,5.0,4.0
2801,5.0,1.0
2802,5.0,4.0
2803,5.0,5.0
2804,5.0,5.0
2805,5.0,5.0
2806,5.0,3.0
2807,5.0,5.0
2808,5.0,5.0
2809,5.0,7.0
2810,5.0,5.0
2811,5.0,3.0
2812,5.0,3.0
2813,5.0,5.0
2814,5.0,3.0
2815,5.0,5.0
2816,5.0,4.0
2817,5.0,5.0
2818,5.0,4.0
2819,5.0,4.0
2820,5.0,5.0
2821,5.0,5.0
2822,5.0,4.0
2823,5.0,4.0
2824,5.0,3.0
2825,5.0,3.0
2826,5.0,5.0
2827,5.0,5.0
2828,5.0,5.0
2829,5.0,5.0
2830,5.0,5.0
2831,5.0,5.0
2832,5.0,4.0
2833,5.0,5.0
2834,5.0,3.0
2835,5.0,5.0
2836,5.0,4.0
2837,5.0,4.0
2838,5.0,3.0
2839,5.0,5.0
2840,5.0,3.0
2841,5.0,4.0
2842,5.0,5.0
2843,5.0,5.0
2844,5.0,5.0
2845,5.0,5.0
2846,5.0,4.0
2847,5.0,4.0
2848,5.0,4.0
2849,5.0,5.0
2850,5.0,3.0
2851,5.0,4.0
2852,5.0,3.0
2853,5.0,5.0
2854,5.0,5.0
2855,5.0,5.0
2856,5.0,5.0
2857,3.0,6.0
2858,3.0,3.0
2859,3.0,7.0
2860,3.0,6.0
2861,3.0,7.0
2862,3.0,3.0
2863,3.0,7.0
2864,3.0,3.0
2865,3.0,7.0
2866,3.0,3.0
2867,3.0,7.0
2868,3.0,7.0
2869,3.0,7.0
2870,3.0,7.0
2871,3.0,7.0
2872,3.0,3.0
2873,3.0,3.0
2874,3.0,3.0
2875,3.0,3.0
2876,3.0,3.0
2877,3.0,3.0
2878,3.0,3.0
2879,3.0,7.0
2880,3.0,7.0
2881,3.0,3.0
2882,3.0,3.0
2883,3.0,3.0
2884,3.0,7.0
2885,3.0,3.0
2886,3.0,7.0
2887,3.0,3.0
2888,3.0,3.0
2889,3.0,7.0
2890,3.0,3.0
2891,3.0,3.0
2892,3.0,4.0
2893,3.0,3.0
2894,3.0,4.0
2895,3.0,3.0
2896,3.0,3.0
2897,3.0,3.0
2898,3.0,3.0
2899,3.0,3.0
2900,3.0,7.0
2901,3.0,3.0
2902,3.0,3.0
2903,3.0,3.0
2904,3.0,6.0
2905,3.0,7.0
2906,3.0,3.0
2907,3.0,7.0
2908,3.0,7.0
2909,3.0,7.0
2910,3.0,3.0
2911,3.0,7.0
2912,3.0,3.0
2913,3.0,3.0
2914,3.0,3.0
2915,3.0,3.0
2916,3.0,7.0
2917,3.0,4.0
2918,3.0,3.0
2919,3.0,3.0
2920,3.0,3.0
2921,3.0,3.0
2922,3.0,3.0
2923,3.0,3.0
2924,3.0,3.0
2925,3.0,3.0
2926,3.0,7.0
2927,3.0,3.0
2928,3.0,6.0
2929,3.0,3.0
2930,3.0,3.0
2931,3.0,4.0
2932,3.0,3.0
2933,3.0,7.0
2934,3.0,7.0
2935,3.0,3.0
2936,3.0,3.0
2937,3.0,4.0
2938,3.0,3.0
2939,3.0,7.0
2940,3.0,4.0
2941,3.0,4.0
2942,3.0,7.0
2943,3.0,7.0
2944,3.0,3.0
2945,3.0,3.0
2946,3.0,3.0
2947,3.0,7.0
2948,3.0,6.0
2949,3.0,3.0
2950,3.0,3.0
2951,3.0,3.0
2952,3.0,3.0
2953,3.0,3.0
2954,3.0,3.0
2955,3.0,7.0
2956,3.0,3.0
2957,3.0,3.0
2958,3.0,7.0
2959,4.0,4.0
2960,4.0,5.0
2961,4.0,4.0
2962,4.0,5.0
2963,4.0,4.0
2964,4.0,6.0
2965,4.0,4.0
2966,4.0,4.0
2967,4.0,4.0
2968,4.0,4.0
2969,4.0,5.0
2970,4.0,4.0
2971,4.0,5.0
2972,4.0,4.0
2973,4.0,4.0
2974,4.0,5.0
2975,4.0,4.0
2976,4.0,4.0
2977,4.0,5.0
2978,4.0,5.0
2979,4.0,4.0
2980,4.0,5.0
2981,4.0,4.0
2982,4.0,4.0
2983,4.0,6.0
2984,4.0,4.0
2985,4.0,4.0
2986,4.0,4.0
2987,4.0,4.0
2988,4.0,4.0
2989,4.0,5.0
2990,4.0,6.0
2991,4.0,4.0
2992,4.0,1.0
2993,4.0,4.0
2994,4.0,7.0
2995,4.0,5.0
2996,4.0,5.0
2997,4.0,4.0
2998,4.0,4.0
2999,4.0,3.0
3000,4.0,5.0
3001,4.0,4.0
3002,4.0,4.0
3003,4.0,4.0
3004,4.0,7.0
3005,4.0,4.0
3006,4.0,4.0
3007,4.0,4.0
3008,4.0,4.0
3009,4.0,4.0
3010,4.0,4.0
3011,4.0,4.0
3012,4.0,5.0
3013,4.0,3.0
3014,4.0,5.0
3015,4.0,5.0
3016,4.0,5.0
3017,4.0,5.0
3018,4.0,4.0
3019,4.0,6.0
3020,4.0,5.0
3021,4.0,5.0
3022,4.0,7.0
3023,4.0,4.0
3024,4.0,4.0
3025,4.0,4.0
3026,4.0,4.0
3027,4.0,5.0
3028,4.0,4.0
3029,4.0,4.0
3030,4.0,4.0
3031,4.0,4.0
3032,4.0,4.0
3033,4.0,5.0
3034,4.0,4.0
3035,4.0,4.0
3036,4.0,4.0
3037,4.0,5.0
3038,4.0,1.0
3039,4.0,4.0
3040,4.0,4.0
3041,4.0,4.0
3042,4.0,5.0
3043,4.0,4.0
3044,4.0,5.0
3045,4.0,1.0
3046,4.0,5.0
3047,4.0,4.0
3048,4.0,5.0
3049,4.0,4.0
3050,4.0,4.0
3051,4.0,5.0
3052,4.0,5.0
3053,4.0,6.0
3054,4.0,5.0
3055,4.0,1.0
3056,4.0,4.0
3057,4.0,5.0
3058,4.0,4.0
3059,4.0,4.0
3060,4.0,3.0
3061,4.0,3.0
3062,4.0,4.0
3063,4.0,4.0
3064,4.0,5.0
3065,4.0,4.0
3066,4.0,4.0
3067,4.0,4.0
3068,4.0,4.0
3069,4.0,3.0
3070,4.0,3.0
3071,4.0,5.0
3072,4.0,5.0
3073,4.0,6.0
3074,4.0,1.0
3075,4.0,5.0
3076,4.0,5.0
3077,4.0,5.0
3078,4.0,5.0
3079,4.0,4.0
3080,4.0,3.0
3081,4.0,4.0
3082,4.0,3.0
3083,4.0,5.0
3084,4.0,5.0
3085,4.0,6.0
3086,4.0,4.0
3087,4.0,4.0
3088,4.0,5.0
3089,4.0,4.0
3090,4.0,4.0
3091,4.0,5.0
3092,4.0,4.0
3093,4.0,4.0
3094,4.0,4.0
3095,4.0,4.0
3096,4.0,4.0
3097,4.0,5.0
3098,4.0,1.0
3099,4.0,4.0
3100,4.0,4.0
3101,4.0,5.0
3102,4.0,3.0
3103,4.0,4.0
3104,4.0,5.0
3105,4.0,5.0
3106,4.0,4.0
3107,4.0,5.0
3108,4.0,5.0
3109,4.0,4.0
3110,4.0,4.0
3111,4.0,6.0
3112,4.0,5.0
3113,4.0,5.0
3114,4.0,4.0
3115,4.0,5.0
3116,4.0,4.0
3117,4.0,4.0
3118,4.0,5.0
3119,4.0,4.0
3120,4.0,4.0
3121,4.0,4.0
3122,4.0,4.0
3123,4.0,4.0
3124,4.0,4.0
3125,4.0,7.0
3126,4.0,5.0
3127,4.0,3.0
3128,4.0,4.0
3129,4.0,5.0
3130,4.0,1.0
3131,4.0,4.0
3132,4.0,4.0
3133,4.0,4.0
3134,4.0,4.0
3135,4.0,5.0
3136,4.0,4.0
3137,4.0,7.0
3138,4.0,7.0
3139,4.0,5.0
3140,4.0,4.0
3141,4.0,4.0
3142,4.0,6.0
3143,4.0,4.0
3144,4.0,1.0
3145,4.0,4.0
3146,4.0,4.0
3147,4.0,4.0
3148,4.0,4.0
3149,4.0,4.0
3150,4.0,4.0
3151,4.0,5.0
3152,4.0,1.0
3153,4.0,5.0
3154,4.0,4.0
3155,4.0,5.0
3156,4.0,5.0
3157,4.0,4.0
3158,4.0,4.0
3159,4.0,3.0
3160,4.0,1.0
3161,4.0,4.0
3162,4.0,4.0
3163,4.0,4.0
3164,4.0,1.0
3165,4.0,5.0
3166,4.0,4.0
3167,4.0,4.0
3168,4.0,4.0
3169,4.0,5.0
3170,4.0,5.0
3171,4.0,4.0
3172,4.0,4.0
3173,4.0,6.0
3174,4.0,4.0
3175,4.0,5.0
3176,4.0,1.0
3177,4.0,4.0
3178,4.0,4.0
3179,4.0,5.0
3180,4.0,5.0
3181,1.0,6.0
3182,1.0,5.0
3183,1.0,7.0
3184,1.0,7.0
3185,1.0,5.0
3186,1.0,6.0
3187,1.0,6.0
3188,1.0,6.0
3189,1.0,7.0
3190,1.0,7.0
3191,1.0,6.0
3192,1.0,4.0
3193,1.0,5.0
3194,1.0,6.0
3195,1.0,3.0
3196,1.0,5.0
3197,1.0,4.0
3198,1.0,6.0
3199,1.0,6.0
3200,1.0,7.0
3201,1.0,7.0
3202,1.0,1.0
3203,1.0,6.0
3204,1.0,4.0
3205,1.0,1.0
3206,1.0,4.0
3207,1.0,6.0
3208,1.0,3.0
3209,1.0,5.0
3210,1.0,6.0
3211,1.0,7.0
3212,1.0,6.0
3213,1.0,7.0
3214,1.0,6.0
3215,1.0,6.0
3216,1.0,5.0
3217,1.0,6.0
3218,1.0,6.0
3219,1.0,6.0
3220,1.0,6.0
3221,1.0,6.0
3222,1.0,5.0
3223,1.0,4.0
3224,1.0,4.0
3225,1.0,7.0
3226,1.0,1.0
3227,1.0,5.0
3228,1.0,3.0
3229,1.0,4.0
3230,1.0,5.0
3231,1.0,6.0
3232,1.0,6.0
3233,1.0,4.0
3234,1.0,7.0
3235,1.0,6.0
3236,1.0,5.0
3237,1.0,5.0
3238,1.0,7.0
3239,1.0,4.0
3240,1.0,6.0
3241,1.0,4.0
3242,1.0,6.0
3243,1.0,6.0
3244,1.0,7.0
3245,1.0,7.0
3246,1.0,7.0
3247,1.0,6.0
3248,1.0,7.0
3249,1.0,4.0
3250,1.0,1.0
3251,1.0,4.0
3252,1.0,6.0
3253,1.0,4.0
3254,1.0,6.0
3255,1.0,5.0
3256,1.0,5.0
3257,1.0,5.0
3258,1.0,4.0
3259,1.0,4.0
3260,1.0,6.0
3261,1.0,7.0
3262,1.0,5.0
3263,1.0,7.0
3264,1.0,7.0
3265,1.0,5.0
3266,1.0,7.0
3267,1.0,6.0
3268,1.0,5.0
3269,1.0,7.0
3270,1.0,3.0
3271,1.0,5.0
3272,1.0,1.0
3273,1.0,4.0
3274,1.0,6.0
3275,1.0,6.0
3276,1.0,7.0
3277,1.0,7.0
3278,1.0,4.0
3279,1.0,6.0
3280,1.0,7.0
3281,1.0,7.0
3282,1.0,4.0
3283,1.0,7.0
3284,1.0,5.0
3285,1.0,4.0
3286,1.0,6.0
3287,1.0,4.0
3288,1.0,5.0
3289,1.0,7.0
3290,1.0,5.0
3291,1.0,5.0
3292,1.0,6.0
3293,1.0,7.0
3294,1.0,7.0
3295,1.0,4.0
3296,1.0,6.0
3297,1.0,4.0
3298,1.0,7.0
3299,1.0,4.0
3300,1.0,4.0
3301,1.0,6.0
3302,1.0,6.0
3303,1.0,4.0
3304,1.0,3.0
3305,1.0,7.0
3306,1.0,7.0
3307,1.0,4.0
3308,1.0,4.0
3309,1.0,7.0
3310,1.0,4.0
3311,1.0,6.0
3312,5.0,5.0
3313,5.0,5.0
3314,5.0,5.0
3315,5.0,5.0
3316,5.0,5.0
3317,5.0,5.0
3318,5.0,5.0
3319,5.0,5.0
3320,5.0,5.0
3321,5.0,5.0
3322,5.0,5.0
3323,5.0,7.0
3324,5.0,5.0
3325,5.0,5.0
3326,5.0,5.0
3327,5.0,5.0
3328,5.0,5.0
3329,5.0,5.0
3330,5.0,5.0
3331,5.0,5.0
3332,5.0,5.0
3333,5.0,5.0
3334,5.0,5.0
3335,5.0,5.0
3336,5.0,5.0
3337,5.0,4.0
3338,5.0,5.0
3339,5.0,5.0
3340,5.0,5.0
3341,5.0,5.0
3342,5.0,5.0
3343,5.0,4.0
3344,5.0,5.0
3345,5.0,5.0
3346,5.0,5.0
3347,5.0,5.0
3348,5.0,5.0
3349,5.0,5.0
3350,5.0,5.0
3351,5.0,5.0
3352,5.0,5.0
3353,5.0,5.0
3354,5.0,5.0
3355,5.0,5.0
3356,5.0,5.0
3357,5.0,5.0
3358,5.0,4.0
3359,5.0,5.0
3360,5.0,5.0
3361,5.0,5.0
3362,5.0,5.0
3363,5.0,5.0
3364,5.0,5.0
3365,5.0,5.0
3366,5.0,4.0
3367,5.0,5.0
3368,5.0,5.0
3369,5.0,5.0
3370,5.0,7.0
3371,5.0,5.0
3372,5.0,5.0
3373,5.0,5.0
3374,5.0,5.0
3375,5.0,5.0
3376,5.0,3.0
3377,5.0,5.0
3378,5.0,5.0
3379,5.0,5.0
3380,5.0,5.0
3381,5.0,5.0
3382,5.0,5.0
3383,5.0,5.0
3384,5.0,5.0
3385,5.0,5.0
3386,5.0,5.0
3387,5.0,2.0
3388,5.0,5.0
3389,5.0,4.0
3390,5.0,5.0
3391,5.0,5.0
3392,5.0,5.0
3393,5.0,5.0
3394,5.0,5.0
3395,5.0,5.0
3396,5.0,5.0
3397,5.0,5.0
3398,5.0,5.0
3399,5.0,5.0
3400,5.0,5.0
3401,5.0,5.0
3402,5.0,5.0
3403,5.0,5.0
3404,5.0,5.0
3405,5.0,5.0
3406,5.0,5.0
3407,5.0,4.0
3408,5.0,5.0
3409,5.0,5.0
3410,5.0,5.0
3411,5.0,5.0
3412,5.0,5.0
3413,5.0,5.0
3414,5.0,5.0
3415,5.0,5.0
3416,5.0,5.0
3417,5.0,5.0
3418,5.0,5.0
3419,5.0,2.0
3420,5.0,5.0
3421,5.0,5.0
3422,5.0,5.0
3423,5.0,5.0
3424,5.0,5.0
3425,5.0,5.0
3426,5.0,7.0
3427,5.0,5.0
3428,5.0,5.0
3429,5.0,5.0
3430,5.0,4.0
3431,5.0,2.0
3432,5.0,7.0
3433,5.0,5.0
3434,5.0,7.0
3435,5.0,5.0
3436,5.0,5.0
3437,5.0,5.0
3438,5.0,7.0
3439,5.0,5.0
3440,5.0,5.0
3441,5.0,5.0
3442,5.0,5.0
3443,5.0,5.0
3444,5.0,5.0
3445,5.0,2.0
3446,5.0,5.0
3447,5.0,5.0
3448,5.0,5.0
3449,5.0,5.0
3450,5.0,5.0
3451,5.0,5.0
3452,5.0,4.0
3453,5.0,5.0
3454,5.0,5.0
3455,5.0,5.0
3456,5.0,5.0
3457,5.0,5.0
3458,5.0,5.0
3459,5.0,5.0
3460,5.0,5.0
3461,5.0,2.0
3462,5.0,5.0
3463,5.0,5.0
3464,5.0,5.0
3465,5.0,5.0
3466,5.0,5.0
3467,5.0,5.0
3468,5.0,5.0
3469,5.0,5.0
3470,5.0,5.0
3471,5.0,5.0
3472,5.0,5.0
3473,5.0,5.0
3474,5.0,4.0
3475,5.0,5.0
3476,5.0,5.0
3477,5.0,5.0
3478,5.0,5.0
3479,5.0,4.0
3480,5.0,5.0
3481,5.0,2.0
3482,5.0,5.0
3483,5.0,5.0
3484,5.0,7.0
3485,5.0,5.0
3486,5.0,5.0
3487,5.0,5.0
3488,5.0,5.0
3489,5.0,4.0
3490,5.0,5.0
3491,5.0,5.0
3492,5.0,5.0
3493,5.0,5.0
3494,5.0,5.0
3495,5.0,7.0
3496,5.0,5.0
3497,5.0,5.0
3498,5.0,5.0
3499,5.0,5.0
3500,5.0,4.0
3501,5.0,5.0
3502,5.0,5.0
3503,5.0,4.0
3504,5.0,5.0
3505,5.0,5.0
3506,5.0,5.0
3507,5.0,5.0
3508,5.0,5.0
3509,5.0,5.0
3510,5.0,5.0
3511,5.0,4.0
3512,5.0,5.0
3513,5.0,5.0
3514,5.0,5.0
3515,5.0,5.0
3516,5.0,5.0
3517,5.0,5.0
3518,5.0,5.0
3519,5.0,5.0
3520,5.0,7.0
3521,5.0,5.0
3522,5.0,2.0
3523,5.0,5.0
3524,5.0,5.0
3525,5.0,5.0
3526,5.0,5.0
3527,5.0,5.0
3528,5.0,5.0
3529,5.0,5.0
3530,5.0,5.0
3531,5.0,5.0
3532,5.0,5.0
3533,5.0,5.0
3534,5.0,5.0
3535,5.0,5.0
3536,5.0,5.0
3537,5.0,5.0
3538,5.0,5.0
3539,5.0,5.0
3540,5.0,5.0
3541,5.0,5.0
3542,5.0,5.0
3543,5.0,2.0
3544,5.0,5.0
3545,5.0,5.0
3546,5.0,5.0
3547,5.0,5.0
3548,5.0,5.0
3549,5.0,4.0
3550,5.0,5.0
3551,5.0,5.0
3552,5.0,5.0
3553,5.0,5.0
3554,5.0,5.0
3555,5.0,5.0
3556,5.0,4.0
3557,5.0,5.0
3558,5.0,4.0
3559,5.0,4.0
3560,5.0,5.0
3561,5.0,2.0
3562,5.0,2.0
3563,5.0,5.0
3564,5.0,4.0
3565,5.0,5.0
3566,5.0,5.0
3567,5.0,5.0
3568,5.0,5.0
3569,5.0,5.0
3570,5.0,5.0
3571,5.0,5.0
3572,5.0,5.0
3573,5.0,5.0
3574,5.0,5.0
3575,5.0,5.0
3576,5.0,5.0
3577,5.0,5.0
3578,5.0,5.0
3579,5.0,5.0
3580,5.0,7.0
3581,5.0,5.0
3582,5.0,5.0
3583,5.0,5.0
3584,5.0,7.0
3585,5.0,5.0
3586,5.0,5.0
3587,5.0,5.0
3588,5.0,5.0
3589,5.0,5.0
3590,5.0,5.0
3591,5.0,5.0
3592,5.0,5.0
3593,5.0,5.0
3594,5.0,5.0
3595,5.0,4.0
3596,5.0,7.0
3597,5.0,7.0
3598,5.0,5.0
3599,5.0,3.0
3600,5.0,5.0
3601,5.0,5.0
3602,5.0,4.0
3603,5.0,5.0
3604,5.0,5.0
3605,5.0,5.0
3606,5.0,5.0
3607,5.0,5.0
3608,5.0,5.0
3609,5.0,5.0
3610,5.0,7.0
3611,5.0,7.0
3612,5.0,5.0
3613,5.0,5.0
3614,5.0,5.0
3615,5.0,7.0
3616,5.0,5.0
3617,5.0,5.0
3618,5.0,5.0
3619,5.0,7.0
3620,5.0,5.0
3621,5.0,5.0
3622,5.0,5.0
3623,5.0,5.0
3624,5.0,5.0
3625,5.0,5.0
3626,5.0,5.0
3627,5.0,5.0
3628,5.0,5.0
3629,5.0,5.0
3630,5.0,5.0
3631,5.0,5.0
3632,5.0,4.0
3633,2.0,5.0
3634,2.0,2.0
3635,2.0,2.0
3636,2.0,2.0
3637,2.0,5.0
3638,2.0,2.0
3639,2.0,5.0
3640,2.0,2.0
3641,2.0,5.0
3642,2.0,2.0
3643,2.0,5.0
3644,2.0,5.0
3645,2.0,2.0
3646,2.0,5.0
3647,2.0,5.0
3648,2.0,5.0
3649,2.0,5.0
3650,2.0,2.0
3651,2.0,5.0
3652,2.0,5.0
3653,2.0,5.0
3654,2.0,2.0
3655,2.0,2.0
3656,2.0,5.0
3657,2.0,5.0
3658,2.0,5.0
3659,2.0,5.0
3660,2.0,5.0
3661,2.0,5.0
3662,2.0,5.0
3663,2.0,5.0
3664,2.0,5.0
3665,2.0,5.0
3666,2.0,5.0
3667,2.0,2.0
3668,2.0,2.0
3669,2.0,5.0
3670,2.0,5.0
3671,2.0,5.0
3672,2.0,5.0
3673,2.0,5.0
3674,2.0,5.0
3675,2.0,5.0
3676,2.0,2.0
3677,2.0,5.0
3678,2.0,2.0
3679,2.0,5.0
3680,2.0,5.0
3681,2.0,5.0
3682,2.0,5.0
3683,2.0,5.0
3684,2.0,2.0
3685,2.0,2.0
3686,2.0,5.0
3687,2.0,2.0
3688,2.0,5.0
3689,2.0,5.0
3690,2.0,5.0
3691,2.0,2.0
3692,2.0,5.0
3693,2.0,5.0
3694,2.0,2.0
3695,2.0,5.0
3696,2.0,5.0
3697,2.0,5.0
3698,2.0,2.0
3699,2.0,2.0
3700,2.0,5.0
3701,2.0,5.0
3702,2.0,5.0
3703,2.0,2.0
3704,2.0,5.0
3705,2.0,5.0
3706,2.0,2.0
3707,2.0,5.0
3708,2.0,2.0
3709,2.0,5.0
3710,2.0,2.0
3711,2.0,2.0
3712,2.0,5.0
3713,2.0,2.0
3714,2.0,2.0
3715,2.0,2.0
3716,2.0,2.0
3717,2.0,2.0
3718,2.0,2.0
3719,2.0,2.0
3720,2.0,5.0
3721,2.0,5.0
3722,2.0,2.0
3723,2.0,5.0
3724,2.0,2.0
3725,2.0,2.0
3726,2.0,5.0
3727,2.0,5.0
3728,2.0,5.0
3729,2.0,5.0
3730,2.0,2.0
3731,2.0,2.0
3732,2.0,2.0
3733,2.0,5.0
3734,2.0,5.0
3735,2.0,2.0
3736,2.0,2.0
3737,2.0,2.0
3738,2.0,2.0
3739,2.0,2.0
3740,2.0,2.0
3741,2.0,2.0
3742,2.0,2.0
3743,2.0,2.0
3744,2.0,2.0
3745,2.0,2.0
3746,2.0,5.0
3747,2.0,2.0
3748,2.0,2.0
3749,2.0,2.0
3750,2.0,2.0
3751,2.0,2.0
3752,2.0,2.0
3753,2.0,2.0
3754,2.0,2.0
3755,2.0,2.0
3756,2.0,5.0
3757,2.0,2.0
3758,2.0,2.0
3759,2.0,2.0
3760,2.0,2.0
3761,2.0,2.0
3762,2.0,2.0
3763,2.0,2.0
3764,2.0,2.0
3765,2.0,2.0
3766,2.0,2.0
3767,2.0,5.0
3768,2.0,5.0
3769,2.0,2.0
3770,2.0,2.0
3771,2.0,5.0
3772,2.0,2.0
3773,2.0,2.0
3774,2.0,2.0
3775,2.0,2.0
3776,2.0,2.0
3777,2.0,2.0
3778,2.0,2.0
3779,2.0,2.0
3780,2.0,2.0
3781,2.0,2.0
3782,2.0,2.0
3783,2.0,2.0
3784,2.0,2.0
3785,2.0,2.0
3786,2.0,4.0
3787,2.0,4.0
3788,2.0,5.0
3789,2.0,2.0
3790,2.0,2.0
3791,2.0,2.0
3792,2.0,2.0
3793,2.0,5.0
3794,2.0,2.0
3795,2.0,2.0
3796,2.0,2.0
3797,2.0,2.0
3798,2.0,5.0
3799,2.0,2.0
3800,2.0,5.0
3801,2.0,2.0
3802,2.0,2.0
3803,2.0,2.0
3804,2.0,2.0
3805,2.0,2.0
3806,2.0,2.0
3807,2.0,2.0
3808,2.0,5.0
3809,2.0,5.0
3810,2.0,2.0
3811,2.0,2.0
3812,2.0,2.0
3813,2.0,2.0
3814,2.0,2.0
3815,2.0,2.0
3816,2.0,2.0
3817,2.0,2.0
3818,2.0,2.0
3819,2.0,2.0
3820,2.0,5.0
3821,2.0,5.0
3822,2.0,5.0
3823,2.0,2.0
3824,2.0,2.0
3825,2.0,5.0
3826,2.0,5.0
3827,2.0,2.0
3828,2.0,2.0
3829,2.0,2.0
3830,2.0,5.0
3831,2.0,2.0
3832,2.0,2.0
3833,2.0,2.0
3834,2.0,5.0
3835,2.0,2.0
3836,2.0,2.0
3837,2.0,2.0
3838,2.0,5.0
3839,2.0,2.0
3840,2.0,5.0
3841,2.0,5.0
3842,2.0,2.0
3843,2.0,2.0
3844,2.0,2.0
3845,2.0,2.0
3846,2.0,5.0
3847,2.0,2.0
3848,2.0,5.0
3849,2.0,2.0
3850,2.0,2.0
3851,2.0,2.0
3852,2.0,2.0
3853,2.0,2.0
3854,2.0,2.0
3855,2.0,5.0
3856,2.0,2.0
3857,2.0,2.0
3858,2.0,2.0
3859,2.0,5.0
3860,2.0,5.0
3861,2.0,2.0
3862,2.0,5.0
3863,2.0,5.0
3864,2.0,5.0
3865,2.0,5.0
3866,2.0,5.0
3867,2.0,5.0
3868,2.0,5.0
3869,2.0,5.0
3870,2.0,5.0
3871,2.0,5.0
3872,2.0,2.0
3873,2.0,2.0
3874,2.0,2.0
3875,2.0,2.0
3876,2.0,2.0
3877,2.0,5.0
3878,2.0,5.0
3879,2.0,5.0
3880,2.0,5.0
3881,2.0,2.0
3882,2.0,5.0
3883,2.0,5.0
3884,2.0,5.0
3885,2.0,5.0
3886,2.0,5.0
3887,2.0,5.0
3888,2.0,5.0
3889,2.0,5.0
3890,2.0,2.0
3891,2.0,5.0
3892,2.0,2.0
3893,2.0,5.0
3894,2.0,2.0
3895,2.0,2.0
3896,2.0,2.0
3897,2.0,2.0
3898,2.0,5.0
3899,2.0,2.0
3900,2.0,2.0
3901,2.0,2.0
3902,2.0,2.0
3903,2.0,5.0
3904,2.0,2.0
3905,2.0,5.0
3906,2.0,5.0
3907,2.0,2.0
3908,2.0,2.0
3909,2.0,2.0
3910,2.0,2.0
3911,2.0,2.0
3912,2.0,2.0
3913,2.0,2.0
3914,2.0,2.0
3915,2.0,2.0
3916,2.0,2.0
3917,2.0,5.0
3918,2.0,2.0
3919,2.0,5.0
3920,2.0,5.0
3921,2.0,2.0
3922,2.0,2.0
3923,2.0,5.0
3924,2.0,5.0
3925,2.0,5.0
3926,2.0,2.0
3927,2.0,2.0
3928,2.0,5.0
3929,2.0,2.0
3930,2.0,2.0
3931,2.0,2.0
3932,2.0,2.0
3933,2.0,2.0
3934,2.0,2.0
3935,2.0,4.0
3936,2.0,5.0
3937,2.0,2.0
3938,2.0,2.0
3939,2.0,5.0
3940,2.0,2.0
3941,2.0,2.0
3942,2.0,2.0
3943,2.0,5.0
3944,2.0,2.0
3945,2.0,2.0
3946,2.0,2.0
3947,2.0,5.0
3948,2.0,5.0
3949,2.0,2.0
3950,2.0,2.0
3951,2.0,2.0
3952,2.0,2.0
3953,2.0,2.0
3954,2.0,5.0
3955,2.0,5.0
3956,2.0,2.0
3957,2.0,2.0
3958,2.0,2.0
3959,2.0,2.0
3960,2.0,2.0
3961,2.0,2.0
3962,2.0,2.0
3963,2.0,2.0
3964,2.0,2.0
3965,2.0,2.0
3966,2.0,2.0
3967,2.0,2.0
3968,2.0,5.0
3969,2.0,2.0
3970,2.0,5.0
3971,2.0,5.0
3972,2.0,5.0
3973,2.0,2.0
3974,2.0,2.0
3975,2.0,2.0
3976,2.0,5.0
3977,2.0,5.0
3978,2.0,2.0
3979,2.0,2.0
3980,2.0,5.0
3981,2.0,5.0
3982,2.0,5.0
3983,2.0,5.0
3984,2.0,5.0
3985,2.0,5.0
3986,2.0,2.0
3987,2.0,5.0
3988,2.0,2.0
3989,2.0,2.0
3990,2.0,2.0
3991,2.0,2.0
3992,2.0,5.0
3993,2.0,2.0
3994,2.0,5.0
3995,2.0,5.0
3996,2.0,2.0
3997,2.0,2.0
3998,2.0,2.0
3999,2.0,2.0
4000,6.0,6.0
4001,6.0,7.0
4002,6.0,6.0
4003,6.0,1.0
4004,6.0,3.0
4005,6.0,6.0
4006,6.0,6.0
4007,6.0,6.0
4008,6.0,6.0
4009,6.0,6.0
4010,6.0,6.0
4011,6.0,3.0
4012,6.0,7.0
4013,6.0,6.0
4014,6.0,6.0
4015,6.0,6.0
4016,6.0,6.0
4017,6.0,4.0
4018,6.0,6.0
4019,6.0,6.0
4020,6.0,1.0
4021,6.0,6.0
4022,6.0,6.0
4023,6.0,6.0
4024,6.0,6.0
4025,6.0,1.0
4026,6.0,6.0
4027,6.0,1.0
4028,6.0,6.0
4029,6.0,1.0
4030,6.0,4.0
4031,6.0,1.0
4032,6.0,4.0
4033,6.0,4.0
4034,6.0,6.0
4035,6.0,4.0
4036,6.0,6.0
4037,6.0,6.0
4038,6.0,6.0
4039,6.0,6.0
4040,6.0,6.0
4041,6.0,6.0
4042,6.0,1.0
4043,6.0,6.0
4044,6.0,1.0
4045,6.0,4.0
4046,6.0,6.0
4047,6.0,6.0
4048,6.0,6.0
4049,6.0,6.0
4050,6.0,6.0
4051,6.0,6.0
4052,6.0,6.0
4053,6.0,4.0
4054,6.0,6.0
4055,6.0,6.0
4056,6.0,6.0
4057,6.0,6.0
4058,6.0,6.0
4059,6.0,6.0
4060,6.0,4.0
4061,6.0,6.0
4062,6.0,6.0
4063,6.0,6.0
4064,6.0,6.0
4065,6.0,6.0
4066,6.0,6.0
4067,6.0,6.0
4068,6.0,6.0
4069,6.0,4.0
4070,6.0,6.0
4071,6.0,6.0
4072,6.0,6.0
4073,6.0,6.0
4074,6.0,6.0
4075,6.0,6.0
4076,6.0,3.0
4077,6.0,6.0
4078,6.0,6.0
4079,6.0,1.0
4080,6.0,6.0
4081,6.0,5.0
4082,6.0,4.0
4083,6.0,6.0
4084,6.0,6.0
4085,6.0,6.0
4086,6.0,6.0
4087,6.0,6.0
4088,6.0,6.0
4089,6.0,6.0
4090,6.0,6.0
4091,6.0,6.0
4092,6.0,6.0
4093,6.0,6.0
4094,6.0,6.0
4095,6.0,1.0
4096,6.0,6.0
4097,6.0,6.0
4098,6.0,6.0
4099,6.0,6.0
4100,6.0,3.0
4101,6.0,6.0
4102,6.0,6.0
4103,6.0,6.0
4104,6.0,6.0
4105,6.0,6.0
4106,6.0,6.0
4107,6.0,6.0
4108,6.0,1.0
4109,6.0,6.0
4110,6.0,6.0
4111,6.0,6.0
4112,6.0,6.0
4113,6.0,1.0
4114,6.0,6.0
4115,6.0,6.0
4116,6.0,6.0
4117,6.0,6.0
4118,6.0,6.0
4119,6.0,6.0
4120,6.0,4.0
4121,6.0,6.0
4122,6.0,6.0
4123,6.0,6.0
4124,6.0,6.0
4125,6.0,6.0
4126,6.0,6.0
4127,6.0,6.0
4128,6.0,6.0
4129,6.0,4.0
4130,6.0,6.0
4131,6.0,6.0
4132,6.0,1.0
4133,6.0,6.0
4134,6.0,6.0
4135,6.0,6.0
4136,6.0,6.0
4137,6.0,1.0
4138,6.0,6.0
4139,6.0,6.0
4140,6.0,6.0
4141,6.0,6.0
4142,6.0,1.0
4143,6.0,6.0
4144,6.0,6.0
4145,6.0,4.0
4146,6.0,4.0
4147,6.0,4.0
4148,6.0,4.0
4149,6.0,6.0
4150,6.0,6.0
4151,6.0,1.0
4152,6.0,6.0
4153,6.0,1.0
4154,6.0,6.0
4155,6.0,6.0
4156,6.0,1.0
4157,6.0,1.0
4158,6.0,6.0
4159,6.0,6.0
4160,6.0,6.0
4161,6.0,1.0
4162,6.0,4.0
4163,6.0,4.0
4164,6.0,6.0
4165,6.0,6.0
4166,6.0,6.0
4167,6.0,6.0
4168,6.0,1.0
4169,6.0,4.0
4170,6.0,6.0
4171,6.0,6.0
4172,6.0,6.0
4173,6.0,4.0
4174,6.0,7.0
4175,6.0,6.0
4176,6.0,4.0
4177,6.0,6.0
4178,6.0,4.0
4179,6.0,6.0
4180,6.0,4.0
4181,6.0,6.0
4182,6.0,1.0
4183,6.0,6.0
4184,6.0,6.0
4185,6.0,6.0
4186,6.0,1.0
4187,6.0,6.0
4188,6.0,6.0
4189,6.0,4.0
4190,6.0,6.0
4191,6.0,6.0
4192,6.0,6.0
4193,6.0,6.0
4194,6.0,6.0
4195,6.0,6.0
4196,6.0,4.0
4197,6.0,6.0
4198,6.0,6.0
4199,6.0,1.0
4200,6.0,4.0
4201,6.0,6.0
4202,6.0,6.0
4203,6.0,6.0
4204,6.0,6.0
4205,6.0,6.0
4206,6.0,5.0
4207,6.0,4.0
4208,6.0,6.0
4209,6.0,6.0
4210,6.0,4.0
4211,6.0,6.0
4212,6.0,4.0
4213,6.0,6.0
4214,6.0,4.0
4215,6.0,6.0
4216,6.0,6.0
4217,6.0,6.0
4218,6.0,6.0
4219,6.0,6.0
4220,6.0,4.0
4221,6.0,6.0
4222,6.0,6.0
4223,6.0,1.0
4224,6.0,6.0
4225,6.0,4.0
4226,6.0,6.0
4227,6.0,6.0
4228,6.0,1.0
4229,6.0,6.0
4230,6.0,6.0
4231,6.0,6.0
4232,6.0,6.0
4233,6.0,6.0
4234,6.0,6.0
4235,6.0,4.0
4236,5.0,5.0
4237,5.0,5.0
4238,5.0,5.0
4239,5.0,5.0
4240,5.0,5.0
4241,5.0,5.0
4242,5.0,5.0
4243,5.0,5.0
4244,5.0,5.0
4245,5.0,5.0
4246,5.0,5.0
4247,5.0,5.0
4248,5.0,5.0
4249,5.0,5.0
4250,5.0,5.0
4251,5.0,5.0
4252,5.0,5.0
4253,5.0,5.0
4254,5.0,4.0
4255,5.0,5.0
4256,5.0,5.0
4257,5.0,5.0
4258,5.0,5.0
4259,5.0,5.0
4260,5.0,5.0
4261,5.0,4.0
4262,5.0,4.0
4263,5.0,4.0
4264,5.0,5.0
4265,5.0,5.0
4266,5.0,4.0
4267,5.0,5.0
4268,5.0,5.0
4269,5.0,1.0
4270,5.0,5.0
4271,5.0,4.0
4272,5.0,5.0
4273,5.0,5.0
4274,5.0,5.0
4275,5.0,5.0
4276,5.0,5.0
4277,5.0,4.0
4278,5.0,4.0
4279,5.0,5.0
4280,5.0,5.0
4281,5.0,5.0
4282,5.0,5.0
4283,5.0,5.0
4284,5.0,5.0
4285,5.0,1.0
4286,5.0,5.0
4287,5.0,5.0
4288,5.0,5.0
4289,5.0,5.0
4290,5.0,5.0
4291,5.0,5.0
4292,5.0,5.0
4293,5.0,5.0
4294,5.0,5.0
4295,5.0,5.0
4296,5.0,5.0
4297,5.0,5.0
4298,5.0,5.0
4299,5.0,5.0
4300,5.0,5.0
4301,5.0,5.0
4302,5.0,5.0
4303,5.0,7.0
4304,5.0,5.0
4305,5.0,5.0
4306,5.0,5.0
4307,5.0,5.0
4308,5.0,5.0
4309,5.0,5.0
4310,5.0,5.0
4311,5.0,5.0
4312,5.0,5.0
4313,5.0,5.0
4314,5.0,5.0
4315,5.0,5.0
4316,5.0,5.0
4317,5.0,5.0
4318,5.0,3.0
4319,5.0,5.0
4320,5.0,5.0
4321,5.0,5.0
4322,5.0,5.0
4323,5.0,5.0
4324,5.0,5.0
4325,5.0,5.0
4326,5.0,5.0
4327,5.0,4.0
4328,5.0,3.0
4329,5.0,4.0
4330,5.0,7.0
4331,5.0,7.0
4332,5.0,5.0
4333,5.0,4.0
4334,5.0,5.0
4335,5.0,5.0
4336,5.0,5.0
4337,5.0,5.0
4338,5.0,5.0
4339,5.0,5.0
4340,5.0,5.0
4341,5.0,5.0
4342,5.0,7.0
4343,5.0,5.0
4344,5.0,5.0
4345,5.0,5.0
4346,5.0,5.0
4347,5.0,5.0
4348,5.0,5.0
4349,5.0,5.0
4350,5.0,5.0
4351,5.0,5.0
4352,5.0,5.0
4353,5.0,4.0
4354,5.0,5.0
4355,5.0,4.0
4356,5.0,5.0
4357,5.0,5.0
4358,5.0,5.0
4359,5.0,5.0
4360,5.0,5.0
4361,5.0,5.0
4362,5.0,5.0
4363,5.0,5.0
4364,5.0,5.0
4365,5.0,5.0
4366,5.0,5.0
4367,5.0,5.0
4368,5.0,5.0
4369,5.0,5.0
4370,5.0,5.0
4371,5.0,4.0
4372,5.0,5.0
4373,5.0,5.0
4374,5.0,5.0
4375,5.0,5.0
4376,5.0,5.0
4377,5.0,5.0
4378,5.0,5.0
4379,5.0,5.0
4380,5.0,4.0
4381,5.0,5.0
4382,5.0,5.0
4383,5.0,5.0
4384,5.0,5.0
4385,5.0,5.0
4386,5.0,5.0
4387,5.0,5.0
4388,5.0,5.0
4389,5.0,5.0
4390,5.0,5.0
4391,5.0,5.0
4392,5.0,5.0
4393,5.0,4.0
4394,5.0,5.0
4395,5.0,5.0
4396,5.0,5.0
4397,5.0,5.0
4398,5.0,4.0
4399,5.0,5.0
4400,5.0,5.0
4401,5.0,5.0
4402,5.0,4.0
4403,5.0,4.0
4404,5.0,5.0
4405,5.0,4.0
4406,5.0,5.0
4407,5.0,5.0
4408,5.0,1.0
4409,5.0,5.0
4410,5.0,4.0
4411,5.0,5.0
4412,5.0,5.0
4413,5.0,5.0
4414,5.0,5.0
4415,5.0,4.0
4416,5.0,4.0
4417,5.0,5.0
4418,5.0,5.0
4419,5.0,3.0
4420,5.0,5.0
4421,5.0,4.0
4422,5.0,5.0
4423,5.0,5.0
4424,5.0,5.0
4425,5.0,5.0
4426,5.0,5.0
4427,5.0,5.0
4428,5.0,5.0
4429,5.0,5.0
4430,5.0,5.0
4431,5.0,5.0
4432,5.0,5.0
4433,5.0,5.0
4434,5.0,5.0
4435,5.0,5.0
4436,5.0,5.0
4437,5.0,5.0
4438,5.0,5.0
4439,5.0,5.0
4440,5.0,5.0
4441,5.0,5.0
4442,5.0,7.0
4443,5.0,5.0
4444,5.0,5.0
4445,5.0,5.0
4446,5.0,5.0
4447,5.0,5.0
4448,5.0,5.0
4449,5.0,5.0
4450,5.0,5.0
4451,5.0,5.0
4452,5.0,5.0
4453,5.0,7.0
4454,5.0,5.0
4455,5.0,5.0
4456,5.0,5.0
4457,5.0,5.0
4458,5.0,5.0
4459,5.0,5.0
4460,5.0,5.0
4461,5.0,5.0
4462,5.0,5.0
4463,5.0,5.0
4464,5.0,5.0
4465,5.0,5.0
4466,5.0,5.0
4467,5.0,5.0
4468,5.0,5.0
4469,5.0,1.0
4470,5.0,5.0
4471,5.0,5.0
4472,5.0,5.0
4473,5.0,5.0
4474,5.0,5.0
4475,5.0,5.0
4476,5.0,5.0
4477,5.0,5.0
4478,5.0,4.0
4479,5.0,5.0
4480,5.0,5.0
4481,5.0,5.0
4482,5.0,5.0
4483,5.0,5.0
4484,5.0,4.0
4485,5.0,5.0
4486,5.0,5.0
4487,5.0,7.0
4488,5.0,7.0
4489,5.0,5.0
4490,5.0,5.0
4491,5.0,5.0
4492,5.0,5.0
4493,5.0,5.0
4494,5.0,4.0
4495,5.0,5.0
4496,5.0,5.0
4497,5.0,5.0
4498,5.0,5.0
4499,5.0,5.0
4500,5.0,5.0
4501,5.0,5.0
4502,5.0,5.0
4503,5.0,5.0
4504,5.0,5.0
4505,5.0,5.0
4506,5.0,5.0
4507,5.0,5.0
4508,5.0,5.0
4509,5.0,5.0
4510,5.0,5.0
4511,5.0,5.0
4512,5.0,5.0
4513,5.0,5.0
4514,5.0,5.0
4515,5.0,5.0
4516,5.0,5.0
4517,5.0,2.0
4518,5.0,5.0
4519,5.0,5.0
4520,5.0,5.0
4521,5.0,5.0
4522,5.0,5.0
4523,5.0,6.0
4524,5.0,5.0
4525,5.0,5.0
4526,5.0,5.0
4527,5.0,5.0
4528,5.0,4.0
4529,5.0,5.0
4530,5.0,2.0
4531,5.0,5.0
4532,5.0,5.0
4533,5.0,5.0
4534,5.0,5.0
4535,5.0,5.0
4536,5.0,5.0
4537,5.0,5.0
4538,5.0,5.0
4539,5.0,5.0
4540,5.0,5.0
4541,5.0,6.0
4542,5.0,5.0
4543,5.0,5.0
4544,5.0,5.0
4545,5.0,5.0
4546,5.0,5.0
4547,5.0,5.0
4548,5.0,5.0
4549,5.0,4.0
4550,5.0,5.0
4551,5.0,4.0
4552,5.0,5.0
4553,5.0,5.0
4554,5.0,5.0
4555,5.0,5.0
4556,5.0,5.0
4557,5.0,5.0
4558,5.0,5.0
4559,5.0,5.0
4560,5.0,5.0
4561,5.0,5.0
4562,5.0,5.0
4563,5.0,5.0
4564,5.0,5.0
4565,5.0,5.0
4566,5.0,5.0
4567,5.0,5.0
4568,5.0,5.0
4569,5.0,5.0
4570,5.0,5.0
4571,5.0,5.0
4572,5.0,5.0
4573,5.0,5.0
4574,5.0,5.0
4575,5.0,5.0
4576,5.0,5.0
4577,5.0,5.0
4578,5.0,5.0
4579,5.0,5.0
4580,5.0,5.0
4581,5.0,4.0
4582,5.0,5.0
4583,5.0,5.0
4584,5.0,5.0
4585,5.0,1.0
4586,5.0,4.0
4587,5.0,5.0
4588,5.0,5.0
4589,5.0,5.0
4590,5.0,7.0
4591,5.0,5.0
4592,5.0,5.0
4593,5.0,5.0
4594,5.0,5.0
4595,5.0,5.0
4596,5.0,5.0
4597,5.0,5.0
4598,5.0,5.0
4599,5.0,5.0
4600,5.0,5.0
4601,5.0,2.0
4602,5.0,5.0
4603,5.0,5.0
4604,5.0,5.0
4605,5.0,5.0
4606,5.0,1.0
4607,5.0,5.0
4608,5.0,5.0
4609,5.0,5.0
4610,5.0,5.0
4611,5.0,5.0
4612,5.0,4.0
4613,5.0,5.0
4614,5.0,5.0
4615,5.0,5.0
4616,5.0,5.0
4617,5.0,5.0
4618,5.0,5.0
4619,5.0,5.0
4620,5.0,5.0
4621,5.0,5.0
4622,5.0,5.0
4623,5.0,5.0
4624,5.0,2.0
4625,5.0,5.0
4626,5.0,5.0
4627,5.0,5.0
4628,5.0,5.0
4629,5.0,5.0
4630,5.0,5.0
4631,5.0,5.0
4632,5.0,5.0
4633,5.0,5.0
4634,5.0,5.0
4635,5.0,5.0
4636,5.0,5.0
4637,5.0,5.0
4638,5.0,5.0
4639,5.0,5.0
4640,5.0,6.0
4641,5.0,5.0
4642,5.0,5.0
4643,5.0,5.0
4644,5.0,5.0
4645,5.0,5.0
4646,5.0,5.0
4647,5.0,5.0
4648,5.0,4.0
4649,5.0,5.0
4650,5.0,5.0
4651,5.0,5.0
4652,5.0,5.0
4653,5.0,5.0
4654,5.0,5.0
4655,5.0,5.0
4656,5.0,4.0
4657,5.0,5.0
4658,5.0,5.0
4659,5.0,5.0
4660,5.0,5.0
4661,5.0,5.0
4662,5.0,5.0
4663,5.0,5.0
4664,5.0,5.0
4665,5.0,5.0
4666,5.0,5.0
4667,5.0,5.0
4668,5.0,5.0
4669,5.0,5.0
4670,5.0,5.0
4671,5.0,5.0
4672,5.0,5.0
4673,5.0,5.0
4674,5.0,5.0
4675,5.0,5.0
4676,5.0,5.0
4677,5.0,5.0
4678,5.0,5.0
4679,5.0,5.0
4680,5.0,5.0
4681,5.0,5.0
4682,5.0,5.0
4683,5.0,5.0
4684,5.0,5.0
4685,5.0,5.0
4686,5.0,5.0
4687,5.0,5.0
4688,5.0,5.0
4689,5.0,5.0
4690,5.0,5.0
4691,5.0,5.0
4692,5.0,5.0
4693,5.0,5.0
4694,5.0,5.0
4695,5.0,5.0
4696,5.0,5.0
4697,5.0,5.0
4698,5.0,5.0
4699,5.0,5.0
4700,5.0,5.0
4701,5.0,5.0
4702,5.0,5.0
4703,5.0,5.0
4704,5.0,5.0
4705,5.0,5.0
4706,5.0,5.0
4707,5.0,5.0
4708,5.0,5.0
4709,5.0,5.0
4710,5.0,5.0
4711,5.0,5.0
4712,5.0,5.0
4713,5.0,5.0
4714,5.0,5.0
4715,5.0,5.0
4716,5.0,5.0
4717,5.0,5.0
4718,5.0,5.0
4719,5.0,5.0
4720,5.0,5.0
4721,5.0,3.0
4722,5.0,4.0
4723,5.0,5.0
4724,5.0,5.0
4725,5.0,5.0
4726,5.0,5.0
4727,5.0,5.0
4728,2.0,2.0
4729,2.0,2.0
4730,2.0,5.0
4731,2.0,5.0
4732,2.0,2.0
4733,2.0,2.0
4734,2.0,2.0
4735,2.0,2.0
4736,2.0,2.0
4737,2.0,2.0
4738,2.0,2.0
4739,2.0,5.0
4740,2.0,5.0
4741,2.0,2.0
4742,2.0,5.0
4743,2.0,2.0
4744,2.0,2.0
4745,2.0,2.0
4746,2.0,2.0
4747,2.0,5.0
4748,2.0,2.0
4749,2.0,2.0
4750,2.0,2.0
4751,2.0,5.0
4752,2.0,5.0
4753,2.0,5.0
4754,2.0,5.0
4755,2.0,5.0
4756,2.0,5.0
4757,2.0,5.0
4758,2.0,5.0
4759,2.0,5.0
4760,2.0,2.0
4761,2.0,5.0
4762,2.0,5.0
4763,2.0,5.0
4764,2.0,2.0
4765,2.0,2.0
4766,2.0,2.0
4767,2.0,2.0
4768,2.0,2.0
4769,2.0,2.0
4770,2.0,5.0
4771,2.0,5.0
4772,2.0,5.0
4773,2.0,5.0
4774,2.0,2.0
4775,2.0,2.0
4776,2.0,5.0
4777,2.0,5.0
4778,2.0,2.0
4779,2.0,2.0
4780,2.0,2.0
4781,2.0,5.0
4782,2.0,2.0
4783,2.0,5.0
4784,2.0,2.0
4785,2.0,2.0
4786,2.0,5.0
4787,2.0,5.0
4788,2.0,2.0
4789,2.0,2.0
4790,2.0,5.0
4791,2.0,2.0
4792,2.0,5.0
4793,2.0,2.0
4794,2.0,2.0
4795,2.0,5.0
4796,2.0,5.0
4797,2.0,5.0
4798,2.0,2.0
4799,2.0,2.0
4800,2.0,5.0
4801,2.0,5.0
4802,2.0,2.0
4803,2.0,5.0
4804,2.0,2.0
4805,2.0,5.0
4806,2.0,5.0
4807,2.0,2.0
4808,2.0,5.0
4809,2.0,2.0
4810,2.0,5.0
4811,2.0,2.0
4812,2.0,2.0
4813,2.0,2.0
4814,2.0,2.0
4815,2.0,2.0
4816,2.0,2.0
4817,2.0,2.0
4818,2.0,2.0
4819,2.0,4.0
4820,2.0,2.0
4821,2.0,2.0
4822,2.0,2.0
4823,2.0,2.0
4824,2.0,5.0
4825,2.0,5.0
4826,2.0,2.0
4827,2.0,2.0
4828,2.0,2.0
4829,2.0,2.0
4830,2.0,2.0
4831,2.0,5.0
4832,2.0,5.0
4833,2.0,5.0
4834,2.0,2.0
4835,2.0,2.0
4836,2.0,2.0
4837,2.0,2.0
4838,2.0,2.0
4839,2.0,2.0
4840,2.0,2.0
4841,2.0,2.0
4842,2.0,2.0
4843,2.0,2.0
4844,2.0,2.0
4845,2.0,2.0
4846,2.0,2.0
4847,2.0,2.0
4848,2.0,2.0
4849,2.0,2.0
4850,2.0,2.0
4851,2.0,2.0
4852,2.0,2.0
4853,2.0,2.0
4854,2.0,2.0
4855,2.0,2.0
4856,2.0,2.0
4857,2.0,2.0
4858,2.0,2.0
4859,2.0,2.0
4860,2.0,2.0
4861,2.0,2.0
4862,2.0,4.0
4863,2.0,2.0
4864,2.0,2.0
4865,2.0,2.0
4866,2.0,2.0
4867,2.0,2.0
4868,2.0,2.0
4869,2.0,2.0
4870,2.0,2.0
4871,2.0,2.0
4872,2.0,2.0
4873,2.0,2.0
4874,2.0,2.0
4875,2.0,2.0
4876,2.0,2.0
4877,2.0,2.0
4878,2.0,2.0
4879,2.0,2.0
4880,2.0,2.0
4881,2.0,2.0
4882,2.0,2.0
4883,2.0,2.0
4884,2.0,2.0
4885,2.0,2.0
4886,2.0,2.0
4887,2.0,2.0
4888,2.0,2.0
4889,2.0,2.0
4890,2.0,2.0
4891,2.0,2.0
4892,2.0,2.0
4893,2.0,2.0
4894,2.0,2.0
4895,2.0,2.0
4896,2.0,2.0
4897,2.0,2.0
4898,2.0,2.0
4899,2.0,2.0
4900,2.0,2.0
4901,2.0,2.0
4902,2.0,5.0
4903,2.0,2.0
4904,2.0,2.0
4905,2.0,2.0
4906,2.0,2.0
4907,2.0,2.0
4908,2.0,2.0
4909,2.0,2.0
4910,2.0,2.0
4911,2.0,2.0
4912,2.0,2.0
4913,2.0,2.0
4914,2.0,2.0
4915,2.0,2.0
4916,2.0,2.0
4917,2.0,2.0
4918,2.0,2.0
4919,2.0,2.0
4920,2.0,2.0
4921,2.0,2.0
4922,2.0,2.0
4923,2.0,2.0
4924,2.0,2.0
4925,2.0,2.0
4926,2.0,2.0
4927,2.0,2.0
4928,2.0,2.0
4929,2.0,2.0
4930,2.0,2.0
4931,2.0,2.0
4932,2.0,2.0
4933,2.0,2.0
4934,2.0,2.0
4935,2.0,2.0
4936,2.0,2.0
4937,2.0,2.0
4938,2.0,2.0
4939,2.0,2.0
4940,2.0,2.0
4941,2.0,2.0
4942,2.0,2.0
4943,2.0,2.0
4944,2.0,2.0
4945,2.0,2.0
4946,2.0,2.0
4947,2.0,2.0
4948,2.0,2.0
4949,2.0,2.0
4950,2.0,2.0
4951,2.0,5.0
4952,2.0,2.0
4953,2.0,2.0
4954,2.0,2.0
4955,2.0,2.0
4956,2.0,2.0
4957,2.0,5.0
4958,2.0,2.0
4959,2.0,2.0
4960,2.0,2.0
4961,2.0,2.0
4962,2.0,2.0
4963,2.0,2.0
4964,2.0,2.0
4965,2.0,2.0
4966,2.0,2.0
4967,2.0,2.0
4968,2.0,2.0
4969,2.0,2.0
4970,2.0,2.0
4971,2.0,2.0
4972,2.0,5.0
4973,2.0,2.0
4974,2.0,2.0
4975,2.0,2.0
4976,2.0,2.0
4977,2.0,2.0
4978,2.0,2.0
4979,2.0,2.0
4980,2.0,2.0
4981,2.0,2.0
4982,2.0,2.0
4983,2.0,2.0
4984,2.0,2.0
4985,2.0,2.0
4986,2.0,2.0
4987,2.0,2.0
4988,2.0,2.0
4989,2.0,2.0
4990,2.0,2.0
4991,2.0,2.0
4992,2.0,2.0
4993,2.0,2.0
4994,2.0,2.0
4995,2.0,2.0
4996,2.0,2.0
4997,2.0,2.0
4998,2.0,2.0
4999,2.0,2.0
5000,2.0,2.0
5001,2.0,2.0
5002,2.0,2.0
5003,2.0,2.0
5004,2.0,2.0
5005,2.0,2.0
5006,2.0,2.0
5007,2.0,2.0
5008,2.0,2.0
5009,2.0,2.0
5010,2.0,2.0
5011,2.0,2.0
5012,2.0,2.0
5013,2.0,2.0
5014,2.0,2.0
5015,2.0,2.0
5016,2.0,2.0
5017,2.0,2.0
5018,2.0,2.0
5019,2.0,2.0
5020,2.0,2.0
5021,2.0,2.0
5022,2.0,5.0
5023,2.0,2.0
5024,2.0,2.0
5025,2.0,2.0
5026,2.0,2.0
5027,4.0,4.0
5028,4.0,4.0
5029,4.0,5.0
5030,4.0,4.0
5031,4.0,5.0
5032,4.0,5.0
5033,4.0,4.0
5034,4.0,5.0
5035,4.0,4.0
5036,4.0,4.0
5037,4.0,5.0
5038,4.0,7.0
5039,4.0,4.0
5040,4.0,4.0
5041,4.0,5.0
5042,4.0,5.0
5043,4.0,4.0
5044,4.0,1.0
5045,4.0,4.0
5046,4.0,4.0
5047,4.0,5.0
5048,4.0,4.0
5049,4.0,5.0
5050,4.0,4.0
5051,4.0,5.0
5052,4.0,4.0
5053,4.0,4.0
5054,4.0,1.0
5055,4.0,4.0
5056,4.0,5.0
5057,4.0,4.0
5058,4.0,4.0
5059,4.0,6.0
5060,4.0,4.0
5061,4.0,4.0
5062,4.0,4.0
5063,4.0,4.0
5064,4.0,1.0
5065,4.0,4.0
5066,4.0,4.0
5067,4.0,4.0
5068,4.0,7.0
5069,4.0,7.0
5070,4.0,4.0
5071,4.0,4.0
5072,4.0,4.0
5073,4.0,4.0
5074,4.0,4.0
5075,4.0,7.0
5076,4.0,7.0
5077,4.0,4.0
5078,4.0,5.0
5079,4.0,4.0
5080,4.0,5.0
5081,4.0,5.0
5082,4.0,4.0
5083,4.0,6.0
5084,4.0,4.0
5085,4.0,4.0
5086,4.0,4.0
5087,4.0,7.0
5088,4.0,4.0
5089,4.0,5.0
5090,4.0,4.0
5091,4.0,4.0
5092,4.0,4.0
5093,4.0,4.0
5094,4.0,4.0
5095,4.0,4.0
5096,4.0,4.0
5097,4.0,5.0
5098,4.0,4.0
5099,4.0,4.0
5100,4.0,5.0
5101,4.0,4.0
5102,4.0,4.0
5103,4.0,4.0
5104,4.0,4.0
5105,4.0,4.0
5106,4.0,4.0
5107,4.0,4.0
5108,4.0,5.0
5109,4.0,4.0
5110,4.0,4.0
5111,4.0,4.0
5112,4.0,5.0
5113,4.0,4.0
5114,4.0,4.0
5115,4.0,4.0
5116,4.0,5.0
5117,4.0,1.0
5118,4.0,5.0
5119,4.0,4.0
5120,4.0,4.0
5121,4.0,4.0
5122,4.0,4.0
5123,4.0,4.0
5124,4.0,4.0
5125,4.0,6.0
5126,4.0,5.0
5127,4.0,4.0
5128,4.0,5.0
5129,4.0,4.0
5130,4.0,4.0
5131,4.0,4.0
5132,4.0,4.0
5133,4.0,7.0
5134,4.0,4.0
5135,4.0,4.0
5136,4.0,4.0
5137,4.0,1.0
5138,4.0,4.0
5139,4.0,4.0
5140,4.0,5.0
5141,4.0,5.0
5142,4.0,5.0
5143,4.0,5.0
5144,4.0,4.0
5145,4.0,4.0
5146,4.0,5.0
5147,4.0,4.0
5148,4.0,6.0
5149,4.0,5.0
5150,4.0,5.0
5151,4.0,4.0
5152,4.0,4.0
5153,4.0,5.0
5154,4.0,5.0
5155,4.0,5.0
5156,4.0,4.0
5157,4.0,4.0
5158,4.0,5.0
5159,4.0,4.0
5160,4.0,5.0
5161,4.0,4.0
5162,4.0,4.0
5163,4.0,4.0
5164,4.0,4.0
5165,4.0,4.0
5166,4.0,4.0
5167,4.0,5.0
5168,4.0,4.0
5169,4.0,4.0
5170,4.0,4.0
5171,4.0,4.0
5172,4.0,5.0
5173,4.0,4.0
5174,4.0,4.0
5175,4.0,4.0
5176,4.0,4.0
5177,4.0,4.0
5178,4.0,4.0
5179,4.0,5.0
5180,4.0,5.0
5181,4.0,4.0
5182,4.0,4.0
5183,4.0,5.0
5184,4.0,4.0
5185,4.0,7.0
5186,4.0,4.0
5187,4.0,4.0
5188,4.0,4.0
5189,4.0,4.0
5190,4.0,4.0
5191,4.0,4.0
5192,4.0,4.0
5193,4.0,4.0
5194,4.0,5.0
5195,4.0,4.0
5196,4.0,4.0
5197,4.0,7.0
5198,4.0,4.0
5199,4.0,1.0
5200,4.0,4.0
5201,4.0,4.0
5202,4.0,1.0
5203,4.0,4.0
5204,4.0,4.0
5205,4.0,4.0
5206,4.0,4.0
5207,4.0,5.0
5208,4.0,4.0
5209,4.0,1.0
5210,4.0,7.0
5211,4.0,4.0
5212,4.0,4.0
5213,4.0,4.0
5214,4.0,4.0
5215,4.0,4.0
5216,4.0,6.0
5217,4.0,4.0
5218,4.0,4.0
5219,4.0,4.0
5220,4.0,4.0
5221,4.0,4.0
5222,4.0,5.0
5223,4.0,4.0
5224,4.0,4.0
5225,4.0,4.0
5226,4.0,4.0
5227,4.0,6.0
5228,4.0,5.0
5229,4.0,4.0
5230,4.0,4.0
5231,5.0,5.0
5232,5.0,5.0
5233,5.0,5.0
5234,5.0,5.0
5235,5.0,5.0
5236,5.0,5.0
5237,5.0,5.0
5238,5.0,5.0
5239,1.0,1.0
5240,1.0,1.0
5241,1.0,1.0
5242,1.0,1.0
5243,1.0,1.0
5244,1.0,1.0
5245,1.0,1.0
5246,1.0,1.0
5247,1.0,1.0
5248,1.0,1.0
5249,1.0,1.0
5250,1.0,1.0
5251,1.0,1.0
5252,1.0,1.0
5253,1.0,1.0
5254,1.0,1.0
5255,1.0,1.0
5256,1.0,1.0
5257,1.0,1.0
5258,1.0,1.0
5259,1.0,1.0
5260,1.0,1.0
5261,1.0,1.0
5262,1.0,1.0
5263,1.0,7.0
5264,1.0,1.0
5265,1.0,6.0
5266,1.0,1.0
5267,3.0,6.0
5268,3.0,3.0
5269,3.0,3.0
5270,3.0,3.0
5271,3.0,3.0
5272,3.0,3.0
5273,3.0,3.0
5274,3.0,3.0
5275,3.0,7.0
5276,3.0,3.0
5277,3.0,3.0
5278,3.0,3.0
5279,3.0,7.0
5280,3.0,3.0
5281,3.0,7.0
5282,3.0,3.0
5283,3.0,3.0
5284,3.0,3.0
5285,3.0,7.0
5286,3.0,3.0
5287,3.0,7.0
5288,3.0,3.0
5289,3.0,3.0
5290,3.0,1.0
5291,3.0,1.0
5292,3.0,1.0
5293,3.0,4.0
5294,3.0,1.0
5295,3.0,1.0
5296,3.0,3.0
5297,3.0,7.0
5298,3.0,7.0
5299,3.0,3.0
5300,3.0,7.0
5301,3.0,6.0
5302,3.0,3.0
5303,3.0,7.0
5304,3.0,3.0
5305,3.0,3.0
5306,3.0,3.0
5307,3.0,7.0
5308,3.0,3.0
5309,3.0,7.0
5310,3.0,3.0
5311,3.0,7.0
5312,3.0,3.0
5313,3.0,7.0
5314,3.0,3.0
5315,3.0,7.0
5316,3.0,7.0
5317,3.0,7.0
5318,3.0,7.0
5319,3.0,7.0
5320,3.0,7.0
5321,3.0,3.0
5322,3.0,7.0
5323,3.0,1.0
5324,3.0,4.0
5325,3.0,3.0
5326,3.0,7.0
5327,3.0,3.0
5328,3.0,7.0
5329,3.0,3.0
5330,3.0,7.0
5331,3.0,7.0
5332,3.0,7.0
5333,3.0,7.0
5334,3.0,7.0
5335,3.0,3.0
5336,3.0,7.0
5337,3.0,3.0
5338,3.0,3.0
5339,3.0,7.0
5340,3.0,7.0
5341,3.0,7.0
5342,3.0,4.0
5343,3.0,3.0
5344,3.0,3.0
5345,3.0,7.0
5346,3.0,3.0
5347,3.0,5.0
5348,3.0,3.0
5349,3.0,4.0
5350,3.0,6.0
5351,3.0,3.0
5352,3.0,3.0
5353,3.0,3.0
5354,3.0,7.0
5355,3.0,3.0
5356,3.0,7.0
5357,3.0,3.0
5358,3.0,7.0
5359,3.0,7.0
5360,3.0,3.0
5361,3.0,3.0
5362,3.0,3.0
5363,3.0,3.0
5364,3.0,3.0
5365,3.0,3.0
5366,3.0,3.0
5367,3.0,3.0
5368,3.0,3.0
5369,3.0,3.0
5370,3.0,3.0
5371,3.0,3.0
5372,3.0,7.0
5373,3.0,7.0
5374,3.0,3.0
5375,3.0,3.0
5376,3.0,3.0
5377,3.0,3.0
5378,3.0,3.0
5379,3.0,3.0
5380,3.0,7.0
5381,3.0,3.0
5382,3.0,3.0
5383,3.0,3.0
5384,6.0,6.0
5385,6.0,6.0
5386,6.0,6.0
5387,6.0,6.0
5388,6.0,6.0
5389,6.0,6.0
5390,6.0,6.0
5391,6.0,6.0
5392,6.0,6.0
5393,6.0,1.0
5394,6.0,6.0
5395,6.0,4.0
5396,6.0,6.0
5397,6.0,6.0
5398,6.0,6.0
5399,6.0,6.0
5400,6.0,1.0
5401,6.0,1.0
5402,6.0,6.0
5403,6.0,6.0
5404,6.0,6.0
5405,6.0,6.0
5406,6.0,6.0
5407,6.0,6.0
5408,6.0,1.0
5409,6.0,6.0
5410,6.0,6.0
5411,6.0,6.0
5412,6.0,3.0
5413,6.0,6.0
5414,6.0,6.0
5415,6.0,6.0
5416,6.0,6.0
5417,6.0,6.0
5418,6.0,3.0
5419,6.0,6.0
5420,6.0,6.0
5421,6.0,4.0
5422,6.0,6.0
5423,6.0,7.0
5424,6.0,6.0
5425,6.0,6.0
5426,6.0,6.0
5427,6.0,6.0
5428,6.0,6.0
5429,6.0,6.0
5430,6.0,1.0
5431,6.0,6.0
5432,6.0,6.0
5433,6.0,6.0
5434,6.0,6.0
5435,6.0,6.0
5436,6.0,6.0
5437,6.0,6.0
5438,6.0,4.0
5439,6.0,6.0
5440,6.0,6.0
5441,6.0,6.0
5442,6.0,6.0
5443,6.0,6.0
5444,6.0,7.0
5445,6.0,6.0
5446,6.0,4.0
5447,6.0,6.0
5448,6.0,1.0
5449,6.0,6.0
5450,6.0,6.0
5451,6.0,6.0
5452,6.0,6.0
5453,7.0,5.0
5454,7.0,5.0
5455,7.0,5.0
5456,7.0,5.0
5457,7.0,5.0
5458,7.0,5.0
5459,7.0,5.0
5460,7.0,5.0
5461,7.0,5.0
5462,7.0,5.0
5463,7.0,5.0
5464,7.0,5.0
5465,7.0,5.0
5466,7.0,5.0
5467,7.0,5.0
5468,7.0,5.0
5469,7.0,5.0
5470,7.0,4.0
5471,7.0,2.0
5472,7.0,5.0
5473,7.0,2.0
5474,7.0,5.0
5475,7.0,5.0
5476,7.0,5.0
5477,7.0,5.0
5478,7.0,5.0
5479,7.0,2.0
5480,7.0,5.0
5481,7.0,5.0
5482,7.0,2.0
5483,7.0,4.0
5484,7.0,5.0
5485,7.0,5.0
5486,7.0,2.0
5487,7.0,5.0
5488,7.0,5.0
5489,7.0,5.0
5490,7.0,5.0
5491,7.0,4.0
5492,7.0,5.0
5493,7.0,5.0
5494,7.0,5.0
5495,7.0,5.0
5496,7.0,5.0
5497,7.0,5.0
5498,7.0,4.0
5499,7.0,5.0
5500,7.0,2.0
5501,7.0,5.0
5502,7.0,5.0
5503,7.0,5.0
5504,7.0,5.0
5505,7.0,5.0
5506,7.0,4.0
5507,7.0,5.0
5508,7.0,5.0
5509,7.0,5.0
5510,7.0,5.0
5511,7.0,5.0
5512,7.0,5.0
5513,7.0,5.0
5514,7.0,5.0
5515,7.0,5.0
5516,7.0,5.0
5517,7.0,5.0
5518,7.0,5.0
5519,7.0,5.0
5520,7.0,5.0
5521,7.0,5.0
5522,7.0,5.0
5523,7.0,5.0
5524,7.0,5.0
5525,7.0,5.0
5526,7.0,5.0
5527,7.0,7.0
5528,7.0,5.0
5529,7.0,5.0
5530,7.0,5.0
5531,7.0,5.0
5532,7.0,5.0
5533,7.0,5.0
5534,7.0,5.0
5535,7.0,5.0
5536,7.0,5.0
5537,7.0,5.0
5538,7.0,5.0
5539,7.0,5.0
5540,7.0,5.0
5541,7.0,5.0
5542,7.0,5.0
5543,7.0,5.0
5544,7.0,5.0
5545,7.0,5.0
5546,7.0,5.0
5547,7.0,5.0
5548,7.0,5.0
5549,7.0,5.0
5550,7.0,5.0
5551,7.0,5.0
5552,7.0,5.0
5553,7.0,5.0
5554,7.0,5.0
5555,7.0,5.0
5556,7.0,5.0
5557,7.0,5.0
5558,7.0,5.0
5559,7.0,5.0
5560,7.0,5.0
5561,7.0,5.0
5562,7.0,2.0
5563,7.0,5.0
5564,7.0,5.0
5565,7.0,5.0
5566,7.0,4.0
5567,7.0,5.0
5568,7.0,4.0
5569,7.0,6.0
5570,7.0,4.0
5571,7.0,5.0
5572,7.0,5.0
5573,7.0,5.0
5574,7.0,5.0
5575,7.0,5.0
5576,7.0,5.0
5577,7.0,5.0
5578,7.0,4.0
5579,7.0,5.0
5580,7.0,5.0
5581,7.0,5.0
5582,7.0,5.0
5583,7.0,5.0
5584,7.0,4.0
5585,7.0,3.0
5586,7.0,7.0
5587,7.0,5.0
5588,7.0,7.0
5589,7.0,5.0
5590,7.0,4.0
5591,7.0,5.0
5592,7.0,4.0
5593,7.0,5.0
5594,7.0,5.0
5595,7.0,5.0
5596,7.0,5.0
5597,7.0,5.0
5598,7.0,7.0
5599,7.0,5.0
5600,7.0,5.0
5601,7.0,1.0
5602,7.0,5.0
5603,7.0,5.0
5604,7.0,5.0
5605,7.0,5.0
5606,7.0,5.0
5607,7.0,5.0
5608,7.0,5.0
5609,7.0,4.0
5610,7.0,5.0
5611,7.0,5.0
5612,7.0,5.0
5613,7.0,4.0
5614,7.0,5.0
5615,4.0,1.0
5616,4.0,5.0
5617,4.0,4.0
5618,4.0,3.0
5619,4.0,3.0
5620,4.0,5.0
5621,4.0,3.0
5622,4.0,4.0
5623,4.0,4.0
5624,4.0,4.0
5625,4.0,1.0
5626,4.0,1.0
5627,4.0,4.0
5628,4.0,4.0
5629,4.0,3.0
5630,4.0,3.0
5631,4.0,3.0
5632,4.0,4.0
5633,4.0,4.0
5634,4.0,3.0
5635,4.0,4.0
5636,4.0,3.0
5637,4.0,4.0
5638,4.0,4.0
5639,4.0,4.0
5640,4.0,4.0
5641,4.0,4.0
5642,4.0,3.0
5643,4.0,6.0
5644,4.0,4.0
5645,4.0,1.0
5646,4.0,3.0
5647,4.0,4.0
5648,4.0,1.0
5649,4.0,3.0
5650,4.0,1.0
5651,4.0,5.0
5652,4.0,4.0
5653,4.0,3.0
5654,4.0,7.0
5655,4.0,4.0
5656,4.0,4.0
5657,4.0,1.0
5658,4.0,4.0
5659,4.0,4.0
5660,4.0,7.0
5661,4.0,3.0
5662,4.0,4.0
5663,4.0,4.0
5664,4.0,7.0
5665,4.0,4.0
5666,4.0,3.0
5667,4.0,4.0
5668,4.0,4.0
5669,4.0,3.0
5670,4.0,3.0
5671,4.0,5.0
5672,4.0,4.0
5673,4.0,4.0
5674,4.0,4.0
5675,4.0,3.0
5676,4.0,4.0
5677,4.0,3.0
5678,4.0,1.0
5679,4.0,4.0
5680,4.0,5.0
5681,4.0,5.0
5682,4.0,4.0
5683,4.0,4.0
5684,4.0,6.0
5685,4.0,3.0
5686,4.0,4.0
5687,4.0,7.0
5688,4.0,7.0
5689,4.0,3.0
5690,4.0,4.0
5691,4.0,6.0
5692,4.0,6.0
5693,4.0,4.0
5694,4.0,6.0
5695,4.0,5.0
5696,4.0,4.0
5697,4.0,1.0
5698,4.0,7.0
5699,4.0,4.0
5700,4.0,4.0
5701,4.0,5.0
5702,4.0,4.0
5703,4.0,4.0
5704,4.0,6.0
5705,4.0,3.0
5706,5.0,5.0
5707,5.0,5.0
5708,2.0,2.0
5709,2.0,2.0
5710,2.0,2.0
5711,2.0,2.0
5712,2.0,2.0
5713,2.0,2.0
5714,2.0,2.0
5715,2.0,2.0
5716,2.0,2.0
5717,2.0,2.0
5718,2.0,2.0
5719,2.0,2.0
5720,2.0,2.0
5721,2.0,2.0
5722,2.0,2.0
5723,2.0,2.0
5724,2.0,2.0
5725,2.0,2.0
5726,2.0,2.0
5727,2.0,5.0
5728,2.0,2.0
5729,2.0,2.0
5730,2.0,7.0
5731,2.0,2.0
5732,2.0,2.0
5733,2.0,2.0
5734,2.0,2.0
5735,2.0,2.0
5736,2.0,2.0
5737,2.0,2.0
5738,2.0,2.0
5739,2.0,2.0
5740,2.0,2.0
5741,2.0,2.0
5742,2.0,2.0
5743,2.0,2.0
5744,2.0,2.0
5745,2.0,2.0
5746,2.0,2.0
5747,2.0,2.0
5748,2.0,2.0
5749,2.0,2.0
5750,2.0,2.0
5751,2.0,2.0
5752,2.0,2.0
5753,2.0,2.0
5754,2.0,2.0
5755,2.0,5.0
5756,2.0,2.0
5757,2.0,2.0
5758,2.0,2.0
5759,2.0,2.0
5760,2.0,5.0
5761,2.0,2.0
5762,2.0,2.0
5763,2.0,2.0
5764,2.0,2.0
5765,2.0,2.0
5766,2.0,5.0
5767,2.0,2.0
5768,2.0,2.0
5769,2.0,2.0
5770,2.0,2.0
5771,2.0,5.0
5772,2.0,2.0
5773,2.0,2.0
5774,2.0,2.0
5775,2.0,2.0
5776,2.0,2.0
5777,2.0,2.0
5778,2.0,2.0
5779,2.0,2.0
5780,2.0,2.0
5781,2.0,2.0
5782,2.0,5.0
5783,2.0,2.0
5784,2.0,2.0
5785,2.0,2.0
5786,2.0,2.0
5787,2.0,2.0
5788,2.0,2.0
5789,2.0,2.0
5790,2.0,2.0
5791,2.0,2.0
5792,2.0,2.0
5793,2.0,2.0
5794,2.0,2.0
5795,2.0,2.0
5796,2.0,2.0
5797,2.0,2.0
5798,2.0,2.0
5799,2.0,2.0
5800,2.0,2.0
5801,2.0,2.0
5802,2.0,2.0
5803,2.0,2.0
5804,2.0,2.0
5805,2.0,2.0
5806,2.0,2.0
5807,2.0,2.0
5808,2.0,2.0
5809,2.0,2.0
5810,2.0,2.0
5811,2.0,2.0
5812,2.0,2.0
5813,2.0,2.0
5814,2.0,2.0
5815,2.0,7.0
5816,2.0,3.0
5817,2.0,2.0
5818,2.0,2.0
5819,2.0,2.0
5820,2.0,2.0
5821,2.0,2.0
5822,2.0,2.0
5823,2.0,2.0
5824,2.0,2.0
5825,2.0,2.0
5826,2.0,2.0
5827,2.0,2.0
5828,2.0,2.0
5829,2.0,2.0
5830,2.0,2.0
5831,2.0,5.0
5832,2.0,2.0
5833,2.0,2.0
5834,2.0,2.0
5835,2.0,2.0
5836,2.0,2.0
5837,2.0,2.0
5838,2.0,2.0
5839,2.0,2.0
5840,2.0,2.0
5841,2.0,2.0
5842,2.0,5.0
5843,2.0,5.0
5844,2.0,2.0
5845,2.0,5.0
5846,2.0,5.0
5847,2.0,2.0
5848,2.0,5.0
5849,2.0,5.0
5850,2.0,5.0
5851,2.0,5.0
5852,2.0,5.0
5853,2.0,5.0
5854,2.0,5.0
5855,2.0,5.0
5856,2.0,2.0
5857,2.0,5.0
5858,2.0,5.0
5859,2.0,5.0
5860,2.0,5.0
5861,2.0,5.0
5862,2.0,5.0
5863,2.0,2.0
5864,2.0,5.0
5865,2.0,5.0
5866,2.0,5.0
5867,2.0,2.0
5868,2.0,5.0
5869,2.0,5.0
5870,2.0,5.0
5871,2.0,5.0
5872,2.0,5.0
5873,2.0,5.0
5874,2.0,5.0
5875,2.0,5.0
5876,2.0,5.0
5877,2.0,5.0
5878,2.0,2.0
5879,2.0,5.0
5880,2.0,2.0
5881,2.0,2.0
5882,2.0,5.0
5883,2.0,2.0
5884,2.0,5.0
5885,2.0,5.0
5886,2.0,5.0
5887,2.0,5.0
5888,2.0,5.0
5889,2.0,5.0
5890,2.0,2.0
5891,2.0,5.0
5892,2.0,5.0
5893,2.0,2.0
5894,2.0,5.0
5895,2.0,5.0
5896,2.0,2.0
5897,2.0,2.0
5898,2.0,2.0
5899,2.0,2.0
5900,2.0,2.0
5901,2.0,5.0
5902,2.0,2.0
5903,2.0,2.0
5904,2.0,5.0
5905,2.0,2.0
5906,2.0,5.0
5907,2.0,2.0
5908,2.0,2.0
5909,2.0,2.0
5910,2.0,2.0
5911,2.0,2.0
5912,2.0,2.0
5913,2.0,2.0
5914,2.0,2.0
5915,2.0,2.0
5916,2.0,2.0
5917,2.0,2.0
5918,2.0,2.0
5919,2.0,2.0
5920,2.0,2.0
5921,2.0,2.0
5922,2.0,2.0
5923,2.0,2.0
5924,2.0,2.0
5925,2.0,2.0
5926,2.0,2.0
5927,2.0,2.0
5928,2.0,2.0
5929,2.0,2.0
5930,2.0,5.0
5931,2.0,2.0
5932,2.0,2.0
5933,2.0,5.0
5934,2.0,2.0
5935,2.0,2.0
5936,2.0,5.0
5937,2.0,2.0
5938,2.0,2.0
5939,2.0,2.0
5940,2.0,2.0
5941,2.0,2.0
5942,2.0,2.0
5943,2.0,2.0
5944,2.0,2.0
5945,2.0,2.0
5946,2.0,2.0
5947,2.0,2.0
5948,2.0,2.0
5949,2.0,2.0
5950,2.0,2.0
5951,2.0,2.0
5952,2.0,2.0
5953,2.0,5.0
5954,2.0,2.0
5955,2.0,2.0
5956,2.0,5.0
5957,2.0,2.0
5958,2.0,2.0
5959,2.0,5.0
5960,2.0,2.0
5961,2.0,2.0
5962,2.0,2.0
5963,2.0,2.0
5964,2.0,5.0
5965,2.0,2.0
5966,2.0,2.0
5967,2.0,5.0
5968,2.0,5.0
5969,2.0,2.0
5970,2.0,2.0
5971,2.0,2.0
5972,2.0,2.0
5973,1.0,1.0
5974,1.0,6.0
5975,1.0,6.0
5976,1.0,6.0
5977,1.0,5.0
5978,1.0,5.0
5979,1.0,1.0
5980,1.0,5.0
5981,1.0,5.0
5982,1.0,4.0
5983,1.0,5.0
5984,1.0,5.0
5985,1.0,6.0
5986,1.0,5.0
5987,1.0,5.0
5988,1.0,5.0
5989,1.0,6.0
5990,1.0,1.0
5991,1.0,5.0
5992,1.0,6.0
5993,1.0,6.0
5994,1.0,5.0
5995,1.0,6.0
5996,1.0,5.0
5997,1.0,4.0
5998,1.0,4.0
5999,1.0,5.0
6000,1.0,5.0
6001,1.0,5.0
6002,1.0,5.0
6003,1.0,5.0
6004,1.0,6.0
6005,1.0,6.0
6006,1.0,5.0
6007,1.0,1.0
6008,1.0,5.0
6009,1.0,6.0
6010,1.0,5.0
6011,1.0,5.0
6012,1.0,6.0
6013,1.0,4.0
6014,1.0,1.0
6015,1.0,6.0
6016,1.0,1.0
6017,1.0,1.0
6018,1.0,1.0
6019,1.0,5.0
6020,1.0,5.0
6021,1.0,1.0
6022,1.0,5.0
6023,1.0,5.0
6024,1.0,5.0
6025,1.0,4.0
6026,1.0,5.0
6027,1.0,6.0
6028,1.0,6.0
6029,1.0,6.0
6030,1.0,5.0
6031,1.0,5.0
6032,1.0,7.0
6033,1.0,1.0
6034,1.0,3.0
6035,1.0,5.0
6036,1.0,5.0
6037,1.0,5.0
6038,1.0,4.0
6039,1.0,5.0
6040,1.0,5.0
6041,1.0,5.0
6042,1.0,5.0
6043,1.0,5.0
6044,1.0,7.0
6045,1.0,5.0
6046,1.0,5.0
6047,1.0,4.0
6048,1.0,5.0
6049,1.0,5.0
6050,1.0,4.0
6051,1.0,5.0
6052,1.0,5.0
6053,1.0,1.0
6054,1.0,5.0
6055,1.0,5.0
6056,1.0,4.0
6057,1.0,5.0
6058,1.0,1.0
6059,1.0,5.0
6060,1.0,5.0
6061,1.0,3.0
6062,1.0,4.0
6063,1.0,5.0
6064,1.0,5.0
6065,1.0,6.0
6066,1.0,5.0
6067,1.0,5.0
6068,1.0,5.0
6069,1.0,5.0
6070,1.0,5.0
6071,1.0,5.0
6072,1.0,5.0
6073,1.0,5.0
6074,1.0,5.0
6075,1.0,5.0
6076,1.0,5.0
6077,1.0,3.0
6078,1.0,5.0
6079,1.0,5.0
6080,1.0,5.0
6081,1.0,1.0
6082,1.0,5.0
6083,1.0,5.0
6084,1.0,4.0
6085,1.0,5.0
6086,1.0,5.0
6087,1.0,6.0
6088,1.0,5.0
6089,1.0,5.0
6090,1.0,6.0
6091,1.0,5.0
6092,1.0,1.0
6093,1.0,5.0
6094,1.0,1.0
6095,1.0,5.0
6096,1.0,4.0
6097,1.0,5.0
6098,1.0,5.0
6099,1.0,1.0
6100,1.0,1.0
6101,1.0,5.0
6102,1.0,1.0
6103,1.0,5.0
6104,1.0,1.0
6105,1.0,5.0
6106,1.0,5.0
6107,1.0,4.0
6108,1.0,5.0
6109,1.0,5.0
6110,1.0,6.0
6111,1.0,5.0
6112,1.0,5.0
6113,1.0,5.0
6114,1.0,5.0
6115,1.0,6.0
6116,1.0,1.0
6117,1.0,4.0
6118,1.0,1.0
6119,1.0,1.0
6120,1.0,1.0
6121,1.0,1.0
6122,1.0,5.0
6123,1.0,5.0
6124,1.0,6.0
6125,1.0,5.0
6126,1.0,3.0
6127,1.0,5.0
6128,1.0,5.0
6129,1.0,1.0
6130,1.0,5.0
6131,1.0,5.0
6132,1.0,5.0
6133,1.0,1.0
6134,1.0,1.0
6135,1.0,1.0
6136,1.0,1.0
6137,1.0,1.0
6138,1.0,1.0
6139,1.0,6.0
6140,1.0,1.0
6141,1.0,6.0
6142,1.0,4.0
6143,1.0,1.0
6144,1.0,5.0
6145,1.0,3.0
6146,1.0,6.0
6147,1.0,7.0
6148,1.0,5.0
6149,1.0,1.0
6150,1.0,5.0
6151,1.0,1.0
6152,1.0,1.0
6153,1.0,6.0
6154,1.0,5.0
6155,1.0,3.0
6156,1.0,5.0
6157,1.0,5.0
6158,1.0,1.0
6159,1.0,6.0
6160,1.0,1.0
6161,1.0,5.0
6162,1.0,1.0
6163,1.0,1.0
6164,1.0,5.0
6165,1.0,5.0
6166,1.0,3.0
6167,1.0,5.0
6168,1.0,1.0
6169,1.0,3.0
6170,1.0,6.0
6171,1.0,5.0
6172,1.0,1.0
6173,1.0,5.0
6174,1.0,1.0
6175,1.0,5.0
6176,1.0,3.0
6177,1.0,4.0
6178,1.0,5.0
6179,1.0,5.0
6180,1.0,5.0
6181,1.0,6.0
6182,1.0,5.0
6183,1.0,5.0
6184,1.0,1.0
6185,1.0,4.0
6186,1.0,6.0
6187,1.0,1.0
6188,1.0,6.0
6189,1.0,5.0
6190,1.0,1.0
6191,1.0,5.0
6192,1.0,4.0
6193,1.0,5.0
6194,1.0,6.0
6195,1.0,5.0
6196,1.0,1.0
6197,1.0,1.0
6198,1.0,1.0
6199,1.0,4.0
6200,1.0,4.0
6201,1.0,5.0
6202,1.0,5.0
6203,1.0,5.0
6204,1.0,5.0
6205,1.0,5.0
6206,1.0,5.0
6207,1.0,5.0
6208,1.0,5.0
6209,1.0,5.0
6210,1.0,5.0
6211,1.0,5.0
6212,1.0,5.0
6213,1.0,5.0
6214,1.0,5.0
6215,1.0,5.0
6216,1.0,5.0
6217,1.0,5.0
6218,1.0,5.0
6219,1.0,6.0
6220,1.0,5.0
6221,1.0,5.0
6222,1.0,1.0
6223,1.0,4.0
6224,1.0,5.0
6225,1.0,5.0
6226,1.0,6.0
6227,1.0,1.0
6228,1.0,5.0
6229,1.0,6.0
6230,1.0,5.0
6231,1.0,6.0
6232,1.0,5.0
6233,1.0,1.0
6234,1.0,5.0
6235,1.0,6.0
6236,1.0,1.0
6237,1.0,4.0
6238,1.0,5.0
6239,1.0,5.0
6240,1.0,5.0
6241,1.0,3.0
6242,1.0,5.0
6243,1.0,4.0
6244,1.0,5.0
6245,1.0,4.0
6246,1.0,5.0
6247,1.0,5.0
6248,1.0,1.0
6249,1.0,4.0
6250,1.0,1.0
6251,1.0,5.0
6252,1.0,1.0
6253,1.0,5.0
6254,1.0,5.0
6255,1.0,5.0
6256,1.0,4.0
6257,1.0,1.0
6258,1.0,5.0
6259,1.0,5.0
6260,1.0,1.0
6261,1.0,1.0
6262,1.0,1.0
6263,1.0,4.0
6264,1.0,3.0
6265,1.0,5.0
6266,1.0,5.0
6267,4.0,5.0
6268,4.0,3.0
6269,4.0,3.0
6270,4.0,7.0
6271,4.0,3.0
6272,4.0,3.0
6273,4.0,3.0
6274,4.0,3.0
6275,4.0,5.0
6276,4.0,3.0
6277,4.0,3.0
6278,4.0,5.0
6279,4.0,3.0
6280,4.0,3.0
6281,4.0,5.0
6282,4.0,3.0
6283,4.0,5.0
6284,4.0,3.0
6285,4.0,7.0
6286,4.0,3.0
6287,4.0,3.0
6288,4.0,3.0
6289,4.0,3.0
6290,4.0,4.0
6291,4.0,5.0
6292,4.0,3.0
6293,4.0,2.0
6294,4.0,3.0
6295,4.0,3.0
6296,4.0,3.0
6297,4.0,5.0
6298,4.0,5.0
6299,4.0,3.0
6300,4.0,5.0
6301,4.0,7.0
6302,4.0,1.0
6303,4.0,3.0
6304,4.0,7.0
6305,4.0,5.0
6306,4.0,3.0
6307,4.0,3.0
6308,4.0,3.0
6309,4.0,3.0
6310,4.0,5.0
6311,4.0,3.0
6312,4.0,1.0
6313,4.0,3.0
6314,4.0,5.0
6315,4.0,7.0
6316,4.0,3.0
6317,4.0,4.0
6318,4.0,5.0
6319,4.0,3.0
6320,4.0,3.0
6321,4.0,5.0
6322,4.0,3.0
6323,4.0,7.0
6324,4.0,3.0
6325,4.0,7.0
6326,4.0,3.0
6327,4.0,3.0
6328,4.0,3.0
6329,4.0,5.0
6330,4.0,5.0
6331,4.0,5.0
6332,4.0,4.0
6333,4.0,1.0
6334,4.0,3.0
6335,4.0,7.0
6336,4.0,3.0
6337,4.0,3.0
6338,4.0,3.0
6339,4.0,3.0
6340,4.0,5.0
6341,4.0,5.0
6342,4.0,5.0
6343,5.0,5.0
6344,5.0,5.0
6345,5.0,5.0
6346,5.0,5.0
6347,5.0,5.0
6348,5.0,5.0
6349,5.0,5.0
6350,5.0,5.0
6351,5.0,5.0
6352,5.0,5.0
6353,5.0,5.0
6354,5.0,5.0
6355,5.0,5.0
6356,5.0,5.0
6357,5.0,2.0
6358,5.0,2.0
6359,5.0,2.0
6360,5.0,2.0
6361,3.0,4.0
6362,3.0,4.0
6363,3.0,3.0
6364,3.0,3.0
6365,3.0,7.0
6366,3.0,3.0
6367,3.0,3.0
6368,3.0,3.0
6369,3.0,3.0
6370,3.0,3.0
6371,3.0,4.0
6372,3.0,1.0
6373,3.0,3.0
6374,3.0,3.0
6375,3.0,3.0
6376,3.0,5.0
6377,3.0,3.0
6378,3.0,4.0
6379,3.0,3.0
6380,3.0,3.0
6381,3.0,4.0
6382,3.0,7.0
6383,3.0,4.0
6384,3.0,4.0
6385,3.0,3.0
6386,3.0,6.0
6387,3.0,3.0
6388,3.0,4.0
6389,3.0,3.0
6390,3.0,3.0
6391,3.0,3.0
6392,3.0,7.0
6393,3.0,1.0
6394,3.0,4.0
6395,3.0,3.0
6396,3.0,4.0
6397,3.0,3.0
6398,3.0,5.0
6399,3.0,3.0
6400,3.0,3.0
6401,3.0,3.0
6402,3.0,3.0
6403,3.0,7.0
6404,3.0,7.0
6405,3.0,3.0
6406,3.0,3.0
6407,3.0,3.0
6408,3.0,7.0
6409,3.0,4.0
6410,3.0,3.0
6411,3.0,3.0
6412,3.0,3.0
6413,3.0,7.0
6414,3.0,7.0
6415,3.0,3.0
6416,3.0,3.0
6417,3.0,4.0
6418,3.0,3.0
6419,3.0,3.0
6420,3.0,6.0
6421,3.0,3.0
6422,3.0,3.0
6423,3.0,5.0
6424,3.0,3.0
6425,3.0,3.0
6426,3.0,3.0
6427,3.0,4.0
6428,3.0,3.0
6429,3.0,3.0
6430,3.0,3.0
6431,3.0,3.0
6432,3.0,3.0
6433,3.0,3.0
6434,3.0,7.0
6435,3.0,3.0
6436,3.0,3.0
6437,3.0,7.0
6438,3.0,3.0
6439,6.0,6.0
6440,6.0,6.0
6441,6.0,6.0
6442,6.0,6.0
6443,6.0,4.0
6444,6.0,1.0
6445,6.0,6.0
6446,6.0,6.0
6447,6.0,6.0
6448,6.0,6.0
6449,6.0,1.0
6450,6.0,6.0
6451,6.0,6.0
6452,6.0,6.0
6453,6.0,6.0
6454,6.0,6.0
6455,6.0,3.0
6456,6.0,6.0
6457,6.0,6.0
6458,6.0,4.0
6459,6.0,6.0
6460,6.0,6.0
6461,6.0,6.0
6462,6.0,6.0
6463,6.0,6.0
6464,6.0,6.0
6465,6.0,1.0
6466,6.0,6.0
6467,6.0,6.0
6468,6.0,6.0
6469,6.0,6.0
6470,6.0,6.0
6471,6.0,1.0
6472,6.0,1.0
6473,6.0,4.0
6474,6.0,4.0
6475,6.0,1.0
6476,6.0,6.0
6477,6.0,1.0
6478,6.0,4.0
6479,6.0,1.0
6480,6.0,6.0
6481,6.0,6.0
6482,6.0,6.0
6483,6.0,6.0
6484,6.0,6.0
6485,6.0,6.0
6486,6.0,6.0
6487,6.0,6.0
6488,6.0,3.0
6489,6.0,4.0
6490,6.0,6.0
6491,6.0,6.0
6492,6.0,6.0
6493,6.0,4.0
6494,6.0,6.0
6495,6.0,6.0
6496,6.0,6.0
6497,6.0,6.0
6498,6.0,6.0
6499,5.0,4.0
6500,5.0,5.0
6501,5.0,5.0
6502,5.0,5.0
6503,5.0,5.0
6504,5.0,5.0
6505,5.0,7.0
6506,5.0,7.0
6507,5.0,5.0
6508,5.0,5.0
6509,5.0,5.0
6510,5.0,5.0
6511,5.0,5.0
6512,5.0,5.0
6513,5.0,5.0
6514,5.0,2.0
6515,5.0,5.0
6516,5.0,4.0
6517,5.0,5.0
6518,5.0,4.0
6519,5.0,5.0
6520,5.0,2.0
6521,5.0,5.0
6522,5.0,5.0
6523,5.0,5.0
6524,5.0,2.0
6525,5.0,5.0
6526,5.0,5.0
6527,5.0,5.0
6528,5.0,5.0
6529,5.0,5.0
6530,5.0,5.0
6531,5.0,5.0
6532,5.0,5.0
6533,5.0,5.0
6534,5.0,5.0
6535,5.0,5.0
6536,5.0,5.0
6537,5.0,5.0
6538,5.0,5.0
6539,5.0,4.0
6540,5.0,5.0
6541,5.0,5.0
6542,5.0,5.0
6543,5.0,5.0
6544,5.0,7.0
6545,5.0,5.0
6546,5.0,5.0
6547,5.0,5.0
6548,5.0,5.0
6549,5.0,5.0
6550,5.0,7.0
6551,5.0,5.0
6552,5.0,4.0
6553,5.0,5.0
6554,5.0,5.0
6555,5.0,5.0
6556,5.0,5.0
6557,5.0,5.0
6558,5.0,5.0
6559,5.0,5.0
6560,5.0,7.0
6561,5.0,6.0
6562,5.0,5.0
6563,5.0,5.0
6564,5.0,5.0
6565,5.0,5.0
6566,5.0,2.0
6567,5.0,5.0
6568,5.0,4.0
6569,5.0,5.0
6570,5.0,5.0
6571,5.0,5.0
6572,5.0,5.0
6573,5.0,2.0
6574,5.0,5.0
6575,5.0,5.0
6576,5.0,5.0
6577,5.0,1.0
6578,5.0,5.0
6579,5.0,2.0
6580,5.0,4.0
6581,5.0,5.0
6582,5.0,5.0
6583,5.0,5.0
6584,5.0,7.0
6585,5.0,2.0
6586,5.0,5.0
6587,5.0,1.0
6588,5.0,5.0
6589,5.0,5.0
6590,5.0,5.0
6591,5.0,1.0
6592,5.0,5.0
6593,5.0,2.0
6594,5.0,4.0
6595,5.0,5.0
6596,5.0,1.0
6597,5.0,5.0
6598,5.0,5.0
6599,5.0,5.0
6600,5.0,2.0
6601,5.0,2.0
6602,5.0,5.0
6603,5.0,5.0
6604,5.0,5.0
6605,5.0,7.0
6606,5.0,5.0
6607,5.0,5.0
6608,5.0,1.0
6609,5.0,5.0
6610,5.0,2.0
6611,5.0,4.0
6612,2.0,2.0
6613,2.0,5.0
6614,2.0,5.0
6615,2.0,2.0
6616,2.0,2.0
6617,2.0,2.0
6618,2.0,2.0
6619,2.0,5.0
6620,2.0,2.0
6621,2.0,2.0
6622,2.0,2.0
6623,2.0,2.0
6624,2.0,2.0
6625,2.0,2.0
6626,2.0,2.0
6627,2.0,2.0
6628,2.0,5.0
6629,2.0,2.0
6630,2.0,2.0
6631,2.0,5.0
6632,2.0,5.0
6633,2.0,5.0
6634,2.0,5.0
6635,2.0,5.0
6636,2.0,5.0
6637,2.0,2.0
6638,2.0,5.0
6639,2.0,5.0
6640,2.0,5.0
6641,2.0,2.0
6642,2.0,5.0
6643,2.0,5.0
6644,2.0,5.0
6645,2.0,2.0
6646,2.0,5.0
6647,2.0,5.0
6648,2.0,5.0
6649,2.0,5.0
6650,2.0,2.0
6651,2.0,5.0
6652,2.0,2.0
6653,2.0,2.0
6654,2.0,5.0
6655,2.0,2.0
6656,2.0,5.0
6657,2.0,5.0
6658,2.0,2.0
6659,2.0,2.0
6660,2.0,2.0
6661,2.0,5.0
6662,2.0,5.0
6663,2.0,5.0
6664,2.0,2.0
6665,2.0,5.0
6666,2.0,2.0
6667,2.0,5.0
6668,2.0,5.0
6669,2.0,5.0
6670,2.0,5.0
6671,2.0,2.0
6672,2.0,5.0
6673,2.0,2.0
6674,2.0,2.0
6675,2.0,5.0
6676,2.0,2.0
6677,2.0,5.0
6678,2.0,5.0
6679,2.0,2.0
6680,2.0,2.0
6681,2.0,5.0
6682,2.0,2.0
6683,2.0,5.0
6684,2.0,5.0
6685,2.0,5.0
6686,2.0,2.0
6687,2.0,2.0
6688,2.0,5.0
6689,2.0,5.0
6690,2.0,5.0
6691,2.0,2.0
6692,2.0,2.0
6693,2.0,5.0
6694,2.0,4.0
6695,2.0,2.0
6696,2.0,2.0
6697,2.0,2.0
6698,2.0,2.0
6699,2.0,2.0
6700,2.0,2.0
6701,2.0,5.0
6702,2.0,2.0
6703,2.0,2.0
6704,2.0,2.0
6705,2.0,2.0
6706,2.0,2.0
6707,2.0,2.0
6708,2.0,2.0
6709,2.0,5.0
6710,2.0,2.0
6711,2.0,2.0
6712,2.0,2.0
6713,2.0,2.0
6714,2.0,2.0
6715,2.0,2.0
6716,2.0,2.0
6717,2.0,2.0
6718,2.0,2.0
6719,2.0,2.0
6720,2.0,2.0
6721,2.0,2.0
6722,2.0,2.0
6723,2.0,2.0
6724,2.0,2.0
6725,2.0,2.0
6726,2.0,2.0
6727,2.0,2.0
6728,2.0,2.0
6729,2.0,2.0
6730,2.0,2.0
6731,2.0,2.0
6732,2.0,2.0
6733,2.0,2.0
6734,2.0,2.0
6735,2.0,2.0
6736,2.0,2.0
6737,2.0,2.0
6738,2.0,2.0
6739,2.0,5.0
6740,2.0,5.0
6741,2.0,2.0
6742,2.0,2.0
6743,2.0,2.0
6744,2.0,2.0
6745,2.0,2.0
6746,2.0,2.0
6747,2.0,2.0
6748,2.0,2.0
6749,2.0,2.0
6750,2.0,2.0
6751,2.0,2.0
6752,2.0,2.0
6753,2.0,2.0
6754,2.0,2.0
6755,2.0,2.0
6756,2.0,2.0
6757,2.0,2.0
6758,2.0,2.0
6759,2.0,2.0
6760,2.0,2.0
6761,2.0,2.0
6762,2.0,2.0
6763,2.0,2.0
6764,2.0,2.0
6765,2.0,2.0
6766,2.0,2.0
6767,2.0,2.0
6768,2.0,2.0
6769,2.0,5.0
6770,2.0,2.0
6771,2.0,2.0
6772,2.0,2.0
6773,2.0,2.0
6774,2.0,2.0
6775,2.0,2.0
6776,2.0,2.0
6777,2.0,5.0
6778,2.0,2.0
6779,2.0,2.0
6780,2.0,2.0
6781,2.0,2.0
6782,2.0,2.0
6783,2.0,2.0
6784,2.0,2.0
6785,2.0,2.0
6786,2.0,2.0
6787,2.0,2.0
6788,2.0,2.0
6789,2.0,2.0
6790,2.0,2.0
6791,2.0,5.0
6792,2.0,5.0
6793,2.0,2.0
6794,2.0,5.0
6795,2.0,2.0
6796,2.0,2.0
6797,2.0,2.0
6798,2.0,2.0
6799,2.0,2.0
6800,2.0,5.0
6801,2.0,2.0
6802,2.0,2.0
6803,2.0,2.0
6804,2.0,2.0
6805,2.0,2.0
6806,2.0,2.0
6807,2.0,2.0
6808,2.0,1.0
6809,2.0,5.0
6810,2.0,2.0
6811,2.0,5.0
6812,2.0,2.0
6813,2.0,5.0
6814,2.0,5.0
6815,2.0,5.0
6816,2.0,5.0
6817,2.0,2.0
6818,2.0,5.0
6819,2.0,5.0
6820,2.0,5.0
6821,2.0,5.0
6822,4.0,1.0
6823,4.0,4.0
6824,4.0,5.0
6825,4.0,4.0
6826,4.0,4.0
6827,4.0,5.0
6828,4.0,4.0
6829,4.0,4.0
6830,4.0,1.0
6831,4.0,4.0
6832,4.0,5.0
6833,4.0,1.0
6834,4.0,4.0
6835,4.0,4.0
6836,4.0,7.0
6837,4.0,5.0
6838,4.0,4.0
6839,4.0,6.0
6840,4.0,4.0
6841,4.0,5.0
6842,4.0,4.0
6843,4.0,4.0
6844,4.0,4.0
6845,4.0,1.0
6846,4.0,1.0
6847,4.0,4.0
6848,4.0,5.0
6849,4.0,4.0
6850,4.0,5.0
6851,4.0,4.0
6852,4.0,5.0
6853,4.0,7.0
6854,4.0,4.0
6855,4.0,4.0
6856,4.0,5.0
6857,4.0,4.0
6858,4.0,1.0
6859,4.0,4.0
6860,4.0,4.0
6861,4.0,4.0
6862,4.0,4.0
6863,4.0,4.0
6864,4.0,4.0
6865,4.0,6.0
6866,4.0,4.0
6867,4.0,4.0
6868,4.0,3.0
6869,4.0,4.0
6870,4.0,4.0
6871,4.0,1.0
6872,4.0,5.0
6873,4.0,4.0
6874,4.0,4.0
6875,4.0,4.0
6876,4.0,4.0
6877,4.0,6.0
6878,4.0,5.0
6879,4.0,3.0
6880,4.0,5.0
6881,5.0,5.0
6882,5.0,5.0
6883,5.0,5.0
6884,5.0,5.0
6885,5.0,5.0
6886,5.0,5.0
6887,5.0,5.0
6888,5.0,5.0
6889,5.0,5.0
6890,5.0,5.0
6891,5.0,5.0
6892,5.0,5.0
6893,5.0,5.0
6894,5.0,5.0
6895,5.0,5.0
6896,5.0,5.0
6897,5.0,5.0
6898,5.0,5.0
6899,5.0,5.0
6900,5.0,5.0
6901,5.0,5.0
6902,5.0,5.0
6903,5.0,5.0
6904,5.0,5.0
6905,5.0,5.0
6906,5.0,5.0
6907,5.0,5.0
6908,5.0,5.0
6909,5.0,5.0
6910,5.0,5.0
6911,5.0,5.0
6912,5.0,5.0
6913,5.0,5.0
6914,5.0,5.0
6915,5.0,5.0
6916,5.0,5.0
6917,5.0,5.0
6918,5.0,5.0
6919,5.0,5.0
6920,5.0,5.0
6921,5.0,5.0
6922,5.0,5.0
6923,5.0,5.0
6924,5.0,5.0
6925,5.0,5.0
6926,5.0,5.0
6927,5.0,5.0
6928,5.0,5.0
6929,5.0,5.0
6930,5.0,5.0
6931,5.0,5.0
6932,5.0,5.0
6933,5.0,5.0
6934,5.0,5.0
6935,5.0,5.0
6936,5.0,5.0
6937,5.0,5.0
6938,5.0,5.0
6939,5.0,5.0
6940,5.0,5.0
6941,5.0,5.0
6942,5.0,5.0
6943,5.0,5.0
6944,5.0,5.0
6945,5.0,5.0
6946,5.0,5.0
6947,5.0,5.0
6948,5.0,5.0
6949,5.0,5.0
6950,5.0,5.0
6951,5.0,5.0
6952,5.0,5.0
6953,5.0,5.0
6954,5.0,5.0
6955,5.0,5.0
6956,5.0,5.0
6957,5.0,5.0
6958,5.0,5.0
6959,5.0,5.0
6960,5.0,5.0
6961,5.0,5.0
6962,5.0,5.0
6963,5.0,5.0
6964,5.0,5.0
6965,5.0,5.0
6966,5.0,5.0
6967,5.0,5.0
6968,5.0,5.0
6969,5.0,5.0
6970,5.0,5.0
6971,5.0,5.0
6972,5.0,5.0
6973,5.0,5.0
6974,5.0,5.0
6975,5.0,5.0
6976,5.0,5.0
6977,5.0,5.0
6978,5.0,5.0
6979,5.0,5.0
6980,5.0,5.0
6981,5.0,5.0
6982,5.0,5.0
6983,5.0,5.0
6984,5.0,5.0
6985,5.0,4.0
6986,5.0,5.0
6987,5.0,5.0
6988,5.0,5.0
6989,5.0,5.0
6990,5.0,5.0
6991,5.0,5.0
6992,5.0,5.0
6993,5.0,5.0
6994,5.0,5.0
6995,5.0,5.0
6996,5.0,5.0
6997,5.0,5.0
6998,5.0,5.0
6999,5.0,5.0
7000,5.0,5.0
7001,5.0,5.0
7002,5.0,5.0
7003,5.0,5.0
7004,5.0,5.0
7005,5.0,5.0
7006,5.0,5.0
7007,5.0,5.0
7008,5.0,5.0
7009,5.0,5.0
7010,5.0,5.0
7011,5.0,5.0
7012,5.0,5.0
7013,5.0,5.0
7014,5.0,5.0
7015,5.0,5.0
7016,5.0,5.0
7017,5.0,5.0
7018,5.0,5.0
7019,5.0,5.0
7020,5.0,5.0
7021,5.0,5.0
7022,5.0,5.0
7023,5.0,5.0
7024,5.0,5.0
7025,5.0,5.0
7026,5.0,5.0
7027,5.0,5.0
7028,5.0,5.0
7029,5.0,5.0
7030,5.0,5.0
7031,5.0,5.0
7032,5.0,5.0
7033,5.0,5.0
7034,5.0,5.0
7035,5.0,5.0
7036,5.0,5.0
7037,5.0,5.0
7038,5.0,5.0
7039,5.0,5.0
7040,5.0,5.0
7041,5.0,5.0
7042,5.0,5.0
7043,5.0,5.0
7044,5.0,5.0
7045,5.0,5.0
7046,5.0,5.0
7047,5.0,5.0
7048,5.0,5.0
7049,5.0,5.0
7050,5.0,5.0
7051,5.0,5.0
7052,5.0,5.0
7053,5.0,5.0
7054,5.0,5.0
7055,5.0,5.0
7056,5.0,5.0
7057,5.0,5.0
7058,5.0,5.0
7059,5.0,5.0
7060,5.0,5.0
7061,5.0,5.0
7062,5.0,5.0
7063,5.0,5.0
7064,5.0,5.0
7065,5.0,5.0
7066,5.0,5.0
7067,5.0,5.0
7068,5.0,5.0
7069,5.0,5.0
7070,5.0,5.0
7071,5.0,5.0
7072,5.0,5.0
7073,5.0,5.0
7074,5.0,5.0
7075,5.0,5.0
7076,5.0,5.0
7077,5.0,5.0
7078,5.0,5.0
7079,5.0,5.0
7080,5.0,5.0
7081,5.0,5.0
7082,5.0,5.0
7083,5.0,5.0
7084,5.0,5.0
7085,5.0,5.0
7086,5.0,5.0
7087,5.0,5.0
7088,5.0,5.0
7089,5.0,5.0
7090,5.0,5.0
7091,5.0,5.0
7092,5.0,5.0
7093,5.0,5.0
7094,2.0,4.0
7095,2.0,5.0
7096,2.0,2.0
7097,2.0,2.0
7098,2.0,2.0
7099,2.0,5.0
7100,2.0,2.0
7101,2.0,2.0
7102,2.0,5.0
7103,2.0,2.0
7104,2.0,2.0
7105,2.0,2.0
7106,2.0,2.0
7107,2.0,2.0
7108,2.0,5.0
7109,2.0,4.0
7110,2.0,5.0
7111,2.0,5.0
7112,2.0,5.0
7113,2.0,5.0
7114,2.0,4.0
7115,2.0,5.0
7116,2.0,4.0
7117,2.0,5.0
7118,2.0,5.0
7119,2.0,2.0
7120,2.0,2.0
7121,2.0,2.0
7122,2.0,5.0
7123,2.0,5.0
7124,2.0,2.0
7125,2.0,4.0
7126,2.0,5.0
7127,2.0,2.0
7128,2.0,5.0
7129,2.0,2.0
7130,2.0,2.0
7131,2.0,2.0
7132,2.0,2.0
7133,2.0,2.0
7134,2.0,5.0
7135,2.0,5.0
7136,2.0,2.0
7137,2.0,2.0
7138,2.0,2.0
7139,2.0,2.0
7140,2.0,5.0
7141,2.0,2.0
7142,2.0,2.0
7143,2.0,2.0
7144,2.0,2.0
7145,2.0,5.0
7146,2.0,2.0
7147,2.0,2.0
7148,2.0,2.0
7149,2.0,4.0
7150,2.0,2.0
7151,2.0,4.0
7152,2.0,4.0
7153,2.0,2.0
7154,2.0,2.0
7155,2.0,2.0
7156,2.0,5.0
7157,2.0,2.0
7158,2.0,5.0
7159,2.0,4.0
7160,2.0,4.0
7161,2.0,5.0
7162,2.0,2.0
7163,2.0,2.0
7164,2.0,5.0
7165,2.0,5.0
7166,2.0,5.0
7167,2.0,2.0
7168,2.0,2.0
7169,2.0,2.0
7170,2.0,2.0
7171,2.0,2.0
7172,2.0,2.0
7173,2.0,4.0
7174,2.0,5.0
7175,2.0,5.0
7176,2.0,5.0
7177,2.0,5.0
7178,2.0,5.0
7179,2.0,4.0
7180,2.0,5.0
7181,2.0,2.0
7182,2.0,4.0
7183,2.0,2.0
7184,2.0,2.0
7185,2.0,2.0
7186,2.0,2.0
7187,2.0,2.0
7188,2.0,4.0
7189,2.0,2.0
7190,2.0,5.0
7191,2.0,4.0
7192,2.0,2.0
7193,2.0,5.0
7194,2.0,4.0
7195,2.0,2.0
7196,2.0,2.0
7197,2.0,5.0
7198,2.0,5.0
7199,2.0,2.0
7200,2.0,5.0
7201,2.0,5.0
7202,2.0,5.0
7203,2.0,2.0
7204,2.0,2.0
7205,2.0,5.0
7206,2.0,5.0
7207,2.0,5.0
7208,2.0,5.0
7209,2.0,5.0
7210,2.0,2.0
7211,2.0,5.0
7212,2.0,2.0
7213,2.0,2.0
7214,2.0,2.0
7215,2.0,2.0
7216,2.0,2.0
7217,2.0,2.0
7218,2.0,2.0
7219,2.0,5.0
7220,2.0,5.0
7221,2.0,5.0
7222,2.0,2.0
7223,2.0,2.0
7224,2.0,4.0
7225,2.0,2.0
7226,2.0,2.0
7227,2.0,4.0
7228,2.0,2.0
7229,2.0,2.0
7230,2.0,2.0
7231,2.0,2.0
7232,2.0,2.0
7233,2.0,2.0
7234,2.0,2.0
7235,2.0,2.0
7236,2.0,5.0
7237,2.0,2.0
7238,2.0,2.0
7239,2.0,2.0
7240,2.0,2.0
7241,2.0,2.0
7242,6.0,6.0
7243,6.0,6.0
7244,6.0,5.0
7245,6.0,4.0
7246,6.0,6.0
7247,6.0,6.0
7248,6.0,4.0
7249,6.0,3.0
7250,6.0,6.0
7251,6.0,6.0
7252,6.0,6.0
7253,6.0,6.0
7254,6.0,3.0
7255,6.0,5.0
7256,6.0,6.0
7257,6.0,5.0
7258,6.0,6.0
7259,6.0,6.0
7260,6.0,6.0
7261,6.0,3.0
7262,6.0,5.0
7263,6.0,6.0
7264,6.0,4.0
7265,6.0,6.0
7266,6.0,6.0
7267,6.0,7.0
7268,6.0,4.0
7269,6.0,6.0
7270,6.0,6.0
7271,6.0,6.0
7272,6.0,6.0
7273,6.0,1.0
7274,6.0,5.0
7275,6.0,6.0
7276,6.0,6.0
7277,6.0,6.0
7278,6.0,3.0
7279,6.0,6.0
7280,6.0,4.0
7281,6.0,1.0
7282,6.0,6.0
7283,6.0,6.0
7284,6.0,5.0
7285,6.0,3.0
7286,6.0,6.0
7287,6.0,5.0
7288,6.0,6.0
7289,6.0,6.0
7290,6.0,1.0
7291,6.0,6.0
7292,6.0,6.0
7293,6.0,6.0
7294,6.0,4.0
7295,6.0,1.0
7296,6.0,5.0
7297,6.0,6.0
7298,6.0,6.0
7299,6.0,6.0
7300,6.0,5.0
7301,6.0,6.0
7302,6.0,6.0
7303,6.0,6.0
7304,6.0,4.0
7305,6.0,6.0
7306,6.0,6.0
7307,6.0,4.0
7308,6.0,6.0
7309,6.0,7.0
7310,6.0,4.0
7311,6.0,6.0
7312,6.0,6.0
7313,6.0,6.0
7314,6.0,6.0
7315,6.0,6.0
7316,6.0,4.0
7317,6.0,4.0
7318,6.0,6.0
7319,6.0,4.0
7320,6.0,6.0
7321,6.0,4.0
7322,6.0,5.0
7323,6.0,6.0
7324,6.0,6.0
7325,6.0,6.0
7326,6.0,6.0
7327,6.0,6.0
7328,6.0,6.0
7329,6.0,6.0
7330,6.0,4.0
7331,6.0,6.0
7332,6.0,6.0
7333,6.0,4.0
7334,6.0,6.0
7335,6.0,4.0
7336,6.0,5.0
7337,6.0,4.0
7338,6.0,1.0
7339,6.0,5.0
7340,6.0,6.0
7341,6.0,6.0
7342,6.0,5.0
7343,6.0,4.0
7344,6.0,5.0
7345,6.0,6.0
7346,6.0,5.0
7347,6.0,4.0
7348,6.0,6.0
7349,6.0,4.0
7350,1.0,6.0
7351,1.0,3.0
7352,1.0,1.0
7353,1.0,7.0
7354,1.0,3.0
7355,1.0,1.0
7356,1.0,7.0
7357,1.0,3.0
7358,1.0,4.0
7359,1.0,4.0
7360,1.0,1.0
7361,1.0,4.0
7362,1.0,7.0
7363,1.0,6.0
7364,1.0,7.0
7365,1.0,1.0
7366,1.0,1.0
7367,1.0,1.0
7368,1.0,4.0
7369,1.0,7.0
7370,1.0,4.0
7371,1.0,4.0
7372,1.0,1.0
7373,1.0,1.0
7374,1.0,1.0
7375,1.0,1.0
7376,1.0,4.0
7377,1.0,6.0
7378,1.0,6.0
7379,1.0,6.0
7380,1.0,6.0
7381,1.0,3.0
7382,1.0,4.0
7383,1.0,1.0
7384,1.0,6.0
7385,1.0,6.0
7386,1.0,7.0
7387,1.0,3.0
7388,3.0,3.0
7389,3.0,4.0
7390,3.0,3.0
7391,3.0,3.0
7392,3.0,3.0
7393,3.0,3.0
7394,3.0,3.0
7395,3.0,4.0
7396,3.0,3.0
7397,3.0,3.0
7398,3.0,3.0
7399,3.0,3.0
7400,3.0,3.0
7401,3.0,7.0
7402,3.0,3.0
7403,3.0,3.0
7404,3.0,3.0
7405,3.0,3.0
7406,3.0,3.0
7407,3.0,5.0
7408,3.0,1.0
7409,3.0,3.0
7410,3.0,3.0
7411,3.0,3.0
7412,3.0,3.0
7413,3.0,5.0
7414,3.0,3.0
7415,3.0,1.0
7416,3.0,3.0
7417,3.0,3.0
7418,3.0,7.0
7419,3.0,3.0
7420,3.0,5.0
7421,3.0,1.0
7422,3.0,3.0
7423,3.0,3.0
7424,3.0,5.0
7425,3.0,4.0
7426,3.0,3.0
7427,3.0,3.0
7428,3.0,3.0
7429,3.0,3.0
7430,3.0,3.0
7431,3.0,3.0
7432,3.0,7.0
7433,3.0,7.0
7434,3.0,1.0
7435,3.0,6.0
7436,3.0,7.0
7437,3.0,3.0
7438,3.0,3.0
7439,3.0,7.0
7440,3.0,3.0
7441,3.0,3.0
7442,3.0,7.0
7443,3.0,7.0
7444,3.0,7.0
7445,3.0,3.0
7446,3.0,7.0
7447,3.0,7.0
7448,3.0,7.0
7449,3.0,5.0
7450,3.0,4.0
7451,3.0,6.0
7452,3.0,6.0
7453,3.0,3.0
7454,3.0,3.0
7455,3.0,3.0
7456,3.0,7.0
7457,3.0,3.0
7458,3.0,7.0
7459,3.0,3.0
7460,3.0,7.0
7461,3.0,3.0
7462,3.0,7.0
7463,3.0,3.0
7464,3.0,5.0
7465,3.0,3.0
7466,3.0,3.0
7467,3.0,3.0
7468,3.0,3.0
7469,3.0,3.0
7470,3.0,7.0
7471,3.0,7.0
7472,3.0,7.0
7473,3.0,7.0
7474,3.0,3.0
7475,3.0,3.0
7476,3.0,3.0
7477,3.0,3.0
7478,3.0,3.0
7479,3.0,3.0
7480,3.0,3.0
7481,3.0,3.0
7482,3.0,3.0
7483,3.0,7.0
7484,3.0,7.0
7485,3.0,7.0
7486,3.0,3.0
7487,3.0,3.0
7488,3.0,3.0
7489,3.0,3.0
7490,3.0,3.0
7491,3.0,6.0
7492,3.0,3.0
7493,3.0,4.0
7494,3.0,5.0
7495,3.0,3.0
7496,3.0,3.0
7497,3.0,3.0
7498,3.0,3.0
7499,3.0,4.0
7500,3.0,3.0
7501,3.0,7.0
7502,3.0,3.0
7503,3.0,3.0
7504,3.0,1.0
7505,3.0,4.0
7506,3.0,3.0
7507,3.0,3.0
7508,3.0,1.0
7509,3.0,3.0
7510,3.0,3.0
7511,3.0,7.0
7512,3.0,3.0
7513,3.0,3.0
7514,3.0,1.0
7515,3.0,3.0
7516,3.0,3.0
7517,3.0,7.0
7518,3.0,7.0
7519,3.0,3.0
7520,3.0,3.0
7521,3.0,3.0
7522,3.0,7.0
7523,4.0,7.0
7524,4.0,3.0
7525,4.0,3.0
7526,4.0,3.0
7527,4.0,6.0
7528,4.0,4.0
7529,4.0,3.0
7530,4.0,1.0
7531,4.0,6.0
7532,4.0,6.0
7533,4.0,4.0
7534,4.0,1.0
7535,4.0,3.0
7536,4.0,3.0
7537,4.0,4.0
7538,4.0,4.0
7539,4.0,5.0
7540,4.0,4.0
7541,4.0,4.0
7542,4.0,5.0
7543,4.0,3.0
7544,4.0,3.0
7545,4.0,4.0
7546,4.0,1.0
7547,4.0,3.0
7548,4.0,3.0
7549,4.0,7.0
7550,4.0,3.0
7551,4.0,4.0
7552,4.0,7.0
7553,4.0,5.0
7554,4.0,4.0
7555,4.0,4.0
7556,4.0,1.0
7557,4.0,4.0
7558,4.0,3.0
7559,4.0,3.0
7560,4.0,4.0
7561,4.0,4.0
7562,4.0,4.0
7563,4.0,1.0
7564,4.0,3.0
7565,4.0,4.0
7566,4.0,7.0
7567,4.0,7.0
7568,4.0,4.0
7569,4.0,4.0
7570,4.0,4.0
7571,4.0,1.0
7572,4.0,4.0
7573,4.0,7.0
7574,4.0,4.0
7575,4.0,4.0
7576,4.0,4.0
7577,4.0,3.0
7578,4.0,3.0
7579,4.0,4.0
7580,4.0,4.0
7581,4.0,4.0
7582,4.0,4.0
7583,4.0,6.0
7584,4.0,4.0
7585,4.0,4.0
7586,4.0,5.0
7587,4.0,4.0
7588,4.0,4.0
7589,4.0,6.0
7590,4.0,4.0
7591,4.0,3.0
7592,4.0,4.0
7593,4.0,5.0
7594,4.0,3.0
7595,4.0,4.0
7596,4.0,5.0
7597,4.0,3.0
7598,4.0,3.0
7599,4.0,4.0
7600,4.0,4.0
7601,4.0,3.0
7602,4.0,3.0
7603,4.0,4.0
7604,4.0,4.0
7605,4.0,4.0
7606,4.0,4.0
7607,4.0,4.0
7608,4.0,7.0
7609,4.0,3.0
7610,4.0,3.0
7611,4.0,1.0
7612,4.0,4.0
7613,4.0,4.0
7614,4.0,1.0
7615,4.0,4.0
7616,4.0,4.0
7617,4.0,3.0
7618,4.0,4.0
7619,4.0,5.0
7620,4.0,7.0
7621,4.0,3.0
7622,4.0,4.0
7623,4.0,3.0
7624,4.0,4.0
7625,4.0,1.0
7626,4.0,4.0
7627,4.0,4.0
7628,4.0,7.0
7629,4.0,4.0
7630,4.0,4.0
7631,4.0,4.0
7632,4.0,4.0
7633,4.0,4.0
7634,4.0,4.0
7635,4.0,4.0
7636,4.0,6.0
7637,4.0,7.0
7638,4.0,7.0
7639,4.0,3.0
7640,4.0,3.0
7641,4.0,3.0
7642,4.0,4.0
7643,4.0,4.0
7644,4.0,5.0
7645,4.0,1.0
7646,4.0,4.0
7647,4.0,3.0
7648,4.0,5.0
7649,4.0,7.0
7650,4.0,4.0
7651,4.0,4.0
7652,4.0,7.0
7653,4.0,5.0
7654,4.0,4.0
7655,4.0,4.0
7656,4.0,5.0
7657,4.0,4.0
7658,4.0,4.0
7659,4.0,7.0
7660,4.0,5.0
7661,4.0,1.0
7662,4.0,4.0
7663,4.0,4.0
7664,4.0,3.0
7665,4.0,4.0
7666,4.0,4.0
7667,4.0,3.0
7668,4.0,4.0
7669,4.0,4.0
7670,4.0,4.0
7671,4.0,4.0
7672,4.0,4.0
7673,4.0,6.0
7674,4.0,5.0
7675,4.0,3.0
7676,4.0,4.0
7677,4.0,5.0
7678,4.0,7.0
7679,4.0,5.0
7680,4.0,4.0
7681,4.0,3.0
7682,4.0,5.0
7683,4.0,3.0
7684,4.0,4.0
7685,4.0,5.0
7686,4.0,7.0
7687,4.0,4.0
7688,4.0,3.0
7689,4.0,4.0
7690,4.0,4.0
7691,4.0,3.0
7692,4.0,3.0
7693,4.0,4.0
7694,4.0,3.0
7695,4.0,5.0
7696,4.0,5.0
7697,4.0,4.0
7698,4.0,4.0
7699,4.0,3.0
7700,4.0,4.0
7701,4.0,3.0
7702,4.0,3.0
7703,4.0,4.0
7704,4.0,4.0
7705,4.0,6.0
7706,4.0,4.0
7707,4.0,3.0
7708,4.0,3.0
7709,4.0,4.0
7710,4.0,3.0
